[
  {
    "value": "⚽",
    "synonyms": [
      "⚽"
    ]
  },
  {
    "value": "🏀",
    "synonyms": [
      "🏀"
    ]
  },
  {
    "value": "🏈",
    "synonyms": [
      "🏈"
    ]
  },
  {
    "value": "⚾",
    "synonyms": [
      "⚾"
    ]
  },
  {
    "value": "🎾",
    "synonyms": [
      "🎾"
    ]
  },
  {
    "value": "🏐",
    "synonyms": [
      "🏐"
    ]
  },
  {
    "value": "🏉",
    "synonyms": [
      "🏉"
    ]
  },
  {
    "value": "🎱",
    "synonyms": [
      "🎱"
    ]
  },
  {
    "value": "⛳",
    "synonyms": [
      "⛳"
    ]
  },
  {
    "value": "🏌",
    "synonyms": [
      "🏌"
    ]
  },
  {
    "value": "🏓",
    "synonyms": [
      "🏓"
    ]
  },
  {
    "value": "🏸",
    "synonyms": [
      "🏸"
    ]
  },
  {
    "value": "🏒",
    "synonyms": [
      "🏒"
    ]
  },
  {
    "value": "🏑",
    "synonyms": [
      "🏑"
    ]
  },
  {
    "value": "🏏",
    "synonyms": [
      "🏏"
    ]
  },
  {
    "value": "🎿",
    "synonyms": [
      "🎿"
    ]
  },
  {
    "value": "⛷",
    "synonyms": [
      "⛷"
    ]
  },
  {
    "value": "🏂",
    "synonyms": [
      "🏂"
    ]
  },
  {
    "value": "⛸",
    "synonyms": [
      "⛸"
    ]
  },
  {
    "value": "🏹",
    "synonyms": [
      "🏹"
    ]
  },
  {
    "value": "🎣",
    "synonyms": [
      "🎣"
    ]
  },
  {
    "value": "🚣",
    "synonyms": [
      "🚣"
    ]
  },
  {
    "value": "🚣🏻",
    "synonyms": [
      "🚣🏻"
    ]
  },
  {
    "value": "🚣🏼",
    "synonyms": [
      "🚣🏼"
    ]
  },
  {
    "value": "🚣🏽",
    "synonyms": [
      "🚣🏽"
    ]
  },
  {
    "value": "🚣🏾",
    "synonyms": [
      "🚣🏾"
    ]
  },
  {
    "value": "🚣🏿",
    "synonyms": [
      "🚣🏿"
    ]
  },
  {
    "value": "🏊",
    "synonyms": [
      "🏊"
    ]
  },
  {
    "value": "🏊🏻",
    "synonyms": [
      "🏊🏻"
    ]
  },
  {
    "value": "🏊🏼",
    "synonyms": [
      "🏊🏼"
    ]
  },
  {
    "value": "🏊🏽",
    "synonyms": [
      "🏊🏽"
    ]
  },
  {
    "value": "🏊🏾",
    "synonyms": [
      "🏊🏾"
    ]
  },
  {
    "value": "🏊🏿",
    "synonyms": [
      "🏊🏿"
    ]
  },
  {
    "value": "🏄",
    "synonyms": [
      "🏄"
    ]
  },
  {
    "value": "🏄🏻",
    "synonyms": [
      "🏄🏻"
    ]
  },
  {
    "value": "🏄🏼",
    "synonyms": [
      "🏄🏼"
    ]
  },
  {
    "value": "🏄🏽",
    "synonyms": [
      "🏄🏽"
    ]
  },
  {
    "value": "🏄🏾",
    "synonyms": [
      "🏄🏾"
    ]
  },
  {
    "value": "🏄🏿",
    "synonyms": [
      "🏄🏿"
    ]
  },
  {
    "value": "🛀",
    "synonyms": [
      "🛀"
    ]
  },
  {
    "value": "🛀🏻",
    "synonyms": [
      "🛀🏻"
    ]
  },
  {
    "value": "🛀🏼",
    "synonyms": [
      "🛀🏼"
    ]
  },
  {
    "value": "🛀🏽",
    "synonyms": [
      "🛀🏽"
    ]
  },
  {
    "value": "🛀🏾",
    "synonyms": [
      "🛀🏾"
    ]
  },
  {
    "value": "🛀🏿",
    "synonyms": [
      "🛀🏿"
    ]
  },
  {
    "value": "⛹",
    "synonyms": [
      "⛹"
    ]
  },
  {
    "value": "⛹🏻",
    "synonyms": [
      "⛹🏻"
    ]
  },
  {
    "value": "⛹🏼",
    "synonyms": [
      "⛹🏼"
    ]
  },
  {
    "value": "⛹🏽",
    "synonyms": [
      "⛹🏽"
    ]
  },
  {
    "value": "⛹🏾",
    "synonyms": [
      "⛹🏾"
    ]
  },
  {
    "value": "⛹🏿",
    "synonyms": [
      "⛹🏿"
    ]
  },
  {
    "value": "🏋",
    "synonyms": [
      "🏋"
    ]
  },
  {
    "value": "🏋🏻",
    "synonyms": [
      "🏋🏻"
    ]
  },
  {
    "value": "🏋🏼",
    "synonyms": [
      "🏋🏼"
    ]
  },
  {
    "value": "🏋🏽",
    "synonyms": [
      "🏋🏽"
    ]
  },
  {
    "value": "🏋🏾",
    "synonyms": [
      "🏋🏾"
    ]
  },
  {
    "value": "🏋🏿",
    "synonyms": [
      "🏋🏿"
    ]
  },
  {
    "value": "🚴",
    "synonyms": [
      "🚴"
    ]
  },
  {
    "value": "🚴🏻",
    "synonyms": [
      "🚴🏻"
    ]
  },
  {
    "value": "🚴🏼",
    "synonyms": [
      "🚴🏼"
    ]
  },
  {
    "value": "🚴🏽",
    "synonyms": [
      "🚴🏽"
    ]
  },
  {
    "value": "🚴🏾",
    "synonyms": [
      "🚴🏾"
    ]
  },
  {
    "value": "🚴🏿",
    "synonyms": [
      "🚴🏿"
    ]
  },
  {
    "value": "🚵",
    "synonyms": [
      "🚵"
    ]
  },
  {
    "value": "🚵🏻",
    "synonyms": [
      "🚵🏻"
    ]
  },
  {
    "value": "🚵🏼",
    "synonyms": [
      "🚵🏼"
    ]
  },
  {
    "value": "🚵🏽",
    "synonyms": [
      "🚵🏽"
    ]
  },
  {
    "value": "🚵🏾",
    "synonyms": [
      "🚵🏾"
    ]
  },
  {
    "value": "🚵🏿",
    "synonyms": [
      "🚵🏿"
    ]
  },
  {
    "value": "🏇",
    "synonyms": [
      "🏇"
    ]
  },
  {
    "value": "🏇🏻",
    "synonyms": [
      "🏇🏻"
    ]
  },
  {
    "value": "🏇🏻",
    "synonyms": [
      "🏇🏻"
    ]
  },
  {
    "value": "🏇🏽",
    "synonyms": [
      "🏇🏽"
    ]
  },
  {
    "value": "🏇🏾",
    "synonyms": [
      "🏇🏾"
    ]
  },
  {
    "value": "🏇🏿",
    "synonyms": [
      "🏇🏿"
    ]
  },
  {
    "value": "🕴",
    "synonyms": [
      "🕴"
    ]
  },
  {
    "value": "🏆",
    "synonyms": [
      "🏆"
    ]
  },
  {
    "value": "🎽",
    "synonyms": [
      "🎽"
    ]
  },
  {
    "value": "🏅",
    "synonyms": [
      "🏅"
    ]
  },
  {
    "value": "🎖",
    "synonyms": [
      "🎖"
    ]
  },
  {
    "value": "🎗",
    "synonyms": [
      "🎗"
    ]
  },
  {
    "value": "🏵",
    "synonyms": [
      "🏵"
    ]
  },
  {
    "value": "🎫",
    "synonyms": [
      "🎫"
    ]
  },
  {
    "value": "🎟",
    "synonyms": [
      "🎟"
    ]
  },
  {
    "value": "🎭",
    "synonyms": [
      "🎭"
    ]
  },
  {
    "value": "🎨",
    "synonyms": [
      "🎨"
    ]
  },
  {
    "value": "🎪",
    "synonyms": [
      "🎪"
    ]
  },
  {
    "value": "🎤",
    "synonyms": [
      "🎤"
    ]
  },
  {
    "value": "🎧",
    "synonyms": [
      "🎧"
    ]
  },
  {
    "value": "🎼",
    "synonyms": [
      "🎼"
    ]
  },
  {
    "value": "🎹",
    "synonyms": [
      "🎹"
    ]
  },
  {
    "value": "🎷",
    "synonyms": [
      "🎷"
    ]
  },
  {
    "value": "🎺",
    "synonyms": [
      "🎺"
    ]
  },
  {
    "value": "🎸",
    "synonyms": [
      "🎸"
    ]
  },
  {
    "value": "🎻",
    "synonyms": [
      "🎻"
    ]
  },
  {
    "value": "🎬",
    "synonyms": [
      "🎬"
    ]
  },
  {
    "value": "🎮",
    "synonyms": [
      "🎮"
    ]
  },
  {
    "value": "👾",
    "synonyms": [
      "👾"
    ]
  },
  {
    "value": "🎯",
    "synonyms": [
      "🎯"
    ]
  },
  {
    "value": "🎲",
    "synonyms": [
      "🎲"
    ]
  },
  {
    "value": "🎰",
    "synonyms": [
      "🎰"
    ]
  },
  {
    "value": "🎳",
    "synonyms": [
      "🎳"
    ]
  }
]