[
  {
    "id": "e217e3a5-d6e8-4c17-9c48-d23b91fdb9db",
    "data": [
      {
        "text": "your father?",
        "userDefined": false
      }
    ],
    "isTemplate": false,
    "count": 0,
    "updated": 0
  },
  {
    "id": "7a44457a-ccf4-451c-9b4a-55858757c95e",
    "data": [
      {
        "text": "who create you?",
        "userDefined": false
      }
    ],
    "isTemplate": false,
    "count": 0,
    "updated": 0
  },
  {
    "id": "bdd36f5e-b00d-465b-b26f-b66b3a8a9a5a",
    "data": [
      {
        "text": "name your maker",
        "userDefined": false
      }
    ],
    "isTemplate": false,
    "count": 0,
    "updated": 0
  },
  {
    "id": "0084485c-0345-4fa1-8399-d15c603708d6",
    "data": [
      {
        "text": "who coded you?",
        "userDefined": false
      }
    ],
    "isTemplate": false,
    "count": 0,
    "updated": 0
  },
  {
    "id": "921400c8-5aa0-4113-9ed3-8019af899ee0",
    "data": [
      {
        "text": "Who is your creator?",
        "userDefined": false
      }
    ],
    "isTemplate": false,
    "count": 0,
    "updated": 0
  },
  {
    "id": "5b85bf43-e641-40c8-8c34-5aaa3cec7e60",
    "data": [
      {
        "text": "who made you?",
        "userDefined": false
      }
    ],
    "isTemplate": false,
    "count": 0,
    "updated": 0
  }
]