[
  {
    "id": "3e1f6126-986b-44b5-933c-81a468d6119c",
    "data": [
      {
        "text": "Scrappy got the hoes \u0026#128056;\u0026#9749;\u0026#65039;.. It\u0027s 3 of em on stage I wonder how many in the audience",
        "userDefined": false
      }
    ],
    "isTemplate": false,
    "count": 1,
    "updated": 0
  },
  {
    "id": "9acf1f54-390e-4e41-ac03-9df1e38d7d9f",
    "data": [
      {
        "text": "This niggah said her lips dry ass hell lmao",
        "userDefined": false
      }
    ],
    "isTemplate": false,
    "count": 0,
    "updated": 0
  },
  {
    "id": "e84bc54c-969e-4aa9-bf2c-76a40586edf4",
    "data": [
      {
        "text": "Puusy",
        "alias": "BADWORD",
        "meta": "@BADWORD",
        "userDefined": true
      }
    ],
    "isTemplate": false,
    "count": 2,
    "updated": 0
  },
  {
    "id": "13f61ae2-9ff9-41b9-8e15-296969c52032",
    "data": [
      {
        "text": "Hello ",
        "userDefined": false
      },
      {
        "text": "puusy",
        "alias": "BADWORD",
        "meta": "@BADWORD",
        "userDefined": true
      }
    ],
    "isTemplate": false,
    "count": 0,
    "updated": 0
  },
  {
    "id": "23a1b460-a8af-47b2-b80c-cf3719592320",
    "data": [
      {
        "text": "Fuck ",
        "userDefined": false
      },
      {
        "text": "Fuck",
        "alias": "badword",
        "userDefined": false
      },
      {
        "text": " Fuck",
        "userDefined": false
      }
    ],
    "isTemplate": false,
    "count": 0,
    "updated": 0
  },
  {
    "id": "efb80a61-6973-43dd-8833-ece987cf4837",
    "data": [
      {
        "text": "RT @rellyOnSMASH: that shoot em up ",
        "userDefined": false
      },
      {
        "text": "shit",
        "alias": "BADWORD",
        "meta": "@BADWORD",
        "userDefined": true
      },
      {
        "text": " is cool but gimme some shit i can play in front of ",
        "userDefined": false
      },
      {
        "text": "bitches",
        "alias": "BADWORD",
        "meta": "@BADWORD",
        "userDefined": true
      },
      {
        "text": " my ",
        "userDefined": false
      },
      {
        "text": "nigga",
        "alias": "BADWORD",
        "meta": "@BADWORD",
        "userDefined": true
      },
      {
        "text": "...gimme some jiggy ",
        "userDefined": false
      },
      {
        "text": "shit",
        "alias": "BADWORD",
        "meta": "@BADWORD",
        "userDefined": true
      },
      {
        "text": " i ca ...",
        "userDefined": false
      }
    ],
    "isTemplate": false,
    "count": 0,
    "updated": 0
  },
  {
    "id": "c11330e3-a850-4b77-ada0-9c70ab86b415",
    "data": [
      {
        "text": "RT @shelbieperdue: Instagram needs to stop being a ",
        "userDefined": false
      },
      {
        "text": "bitch",
        "alias": "BADWORD",
        "meta": "@BADWORD",
        "userDefined": true
      },
      {
        "text": "!",
        "userDefined": false
      }
    ],
    "isTemplate": false,
    "count": 0,
    "updated": 0
  },
  {
    "id": "c700b132-0c4f-41b4-8132-a51604082e8e",
    "data": [
      {
        "text": "RT @sofancyy_: Swear these ",
        "userDefined": false
      },
      {
        "text": "hoes",
        "alias": "BADWORD",
        "meta": "@BADWORD",
        "userDefined": true
      },
      {
        "text": " ain\u0027t got nothing on me \u0026#128107;\u0026#128129;",
        "userDefined": false
      }
    ],
    "isTemplate": false,
    "count": 0,
    "updated": 0
  },
  {
    "id": "65e0b265-3de8-4d02-8b99-d153c2436f89",
    "data": [
      {
        "text": "RT @taysymonee: @1inkkofrosess that ",
        "userDefined": false
      },
      {
        "text": "hoe",
        "alias": "BADWORD",
        "meta": "@BADWORD",
        "userDefined": true
      },
      {
        "text": " so icy\u0026#128557;\u0026#128293;",
        "userDefined": false
      }
    ],
    "isTemplate": false,
    "count": 0,
    "updated": 0
  },
  {
    "id": "6a56fb71-7f8f-4f31-81c7-678c9b306d8b",
    "data": [
      {
        "text": "RT @tbhjustzach: why be negative when you can be positive ",
        "userDefined": false
      },
      {
        "text": "fucking",
        "alias": "BADWORD",
        "meta": "@BADWORD",
        "userDefined": true
      },
      {
        "text": " smile you beautiful bitch",
        "userDefined": false
      }
    ],
    "isTemplate": false,
    "count": 0,
    "updated": 0
  },
  {
    "id": "388b8e8d-3a29-45f5-bb52-9287cbbed09a",
    "data": [
      {
        "text": "RT @tekiaa_: I wasnt put on earth for a ",
        "userDefined": false
      },
      {
        "text": "bitch",
        "alias": "BADWORD",
        "meta": "@BADWORD",
        "userDefined": true
      },
      {
        "text": " not to like me\u0026amp; I ",
        "userDefined": false
      },
      {
        "text": "damn",
        "alias": "BADWORD",
        "meta": "@BADWORD",
        "userDefined": true
      },
      {
        "text": " for sure dgaffff \u0026#128540;\u0026#128076;",
        "userDefined": false
      }
    ],
    "isTemplate": false,
    "count": 0,
    "updated": 0
  },
  {
    "id": "badf35ae-9b23-4e57-9cd9-e38607b78186",
    "data": [
      {
        "text": "RT @thatsryann: If you think your mans cheating, you take him to that ",
        "userDefined": false
      },
      {
        "text": "bitches",
        "alias": "BADWORD",
        "meta": "@BADWORD",
        "userDefined": true
      },
      {
        "text": " house and see if his wifi connects\u0026#128074;",
        "userDefined": false
      }
    ],
    "isTemplate": false,
    "count": 0,
    "updated": 0
  },
  {
    "id": "918831b2-dbde-4814-a579-ceb8bdf44be3",
    "data": [
      {
        "text": "RT @thegame: RT @sean_locs93: The Game Beats 40 Glocc in LA (Full Video) http://t.co/80lf7HvsWm via @youtube - this ",
        "userDefined": false
      },
      {
        "text": "bitch",
        "alias": "BADWORD",
        "meta": "@BADWORD",
        "userDefined": true
      },
      {
        "text": " 40 cop can\u0027t be s\u0026#8230;",
        "userDefined": false
      }
    ],
    "isTemplate": false,
    "count": 0,
    "updated": 0
  },
  {
    "id": "a8de7bbe-222c-42ed-bc02-b67cf939c476",
    "data": [
      {
        "text": "RT @thtsher__: if ya ",
        "userDefined": false
      },
      {
        "text": "bitch",
        "alias": "BADWORD",
        "meta": "@BADWORD",
        "userDefined": true
      },
      {
        "text": " mad tell ha I\u0027ll put ha own \u0026#128176;",
        "userDefined": false
      }
    ],
    "isTemplate": false,
    "count": 0,
    "updated": 0
  },
  {
    "id": "47afdfc5-2c67-46b8-adc3-fbf3526910b2",
    "data": [
      {
        "text": "RT @tristabee: you used to be the ",
        "userDefined": false
      },
      {
        "text": "shit",
        "alias": "BADWORD",
        "meta": "@BADWORD",
        "userDefined": true
      },
      {
        "text": " but now you ain\u0027t ",
        "userDefined": false
      },
      {
        "text": "shit",
        "alias": "BADWORD",
        "meta": "@BADWORD",
        "userDefined": true
      },
      {
        "text": " bitch",
        "userDefined": false
      }
    ],
    "isTemplate": false,
    "count": 0,
    "updated": 0
  },
  {
    "id": "5fed8045-244e-4b4e-b529-f57387febbf8",
    "data": [
      {
        "text": "RT @unanswerdverses: what ",
        "userDefined": false
      },
      {
        "text": "bitch",
        "alias": "BADWORD",
        "meta": "@BADWORD",
        "userDefined": true
      },
      {
        "text": " tried to kill Kendrick Lamar\u0027s vibe?",
        "userDefined": false
      }
    ],
    "isTemplate": false,
    "count": 0,
    "updated": 0
  },
  {
    "id": "28744e80-a9f2-4998-b67d-298a77190ae8",
    "data": [
      {
        "text": "RT @urinnerdevil: ur typical twitter ",
        "userDefined": false
      },
      {
        "text": "hoe",
        "alias": "BADWORD",
        "meta": "@BADWORD",
        "userDefined": true
      },
      {
        "text": " http://t.co/YJE9LUnWVp",
        "userDefined": false
      }
    ],
    "isTemplate": false,
    "count": 0,
    "updated": 0
  },
  {
    "id": "fd76ca87-b4e8-4cb7-a631-97d9bbcc2068",
    "data": [
      {
        "text": "RT @whoThatBe_LAE: raising asia.... that lil ",
        "userDefined": false
      },
      {
        "text": "bitch",
        "alias": "BADWORD",
        "meta": "@BADWORD",
        "userDefined": true
      },
      {
        "text": " could dance bruh \u0026#128514;",
        "userDefined": false
      }
    ],
    "isTemplate": false,
    "count": 0,
    "updated": 0
  },
  {
    "id": "5dc6c5b2-497a-4ebc-ad72-e5d75312f937",
    "data": [
      {
        "text": "RT @worIdstarcomedy: When you\u0027re stressing over someone then realize you got ",
        "userDefined": false
      },
      {
        "text": "hoes",
        "alias": "BADWORD",
        "meta": "@BADWORD",
        "userDefined": true
      },
      {
        "text": " .. \u0026#128514;\u0026#128557;\u0026#128175; https://t.co/PFmRDuHoXb",
        "userDefined": false
      }
    ],
    "isTemplate": false,
    "count": 0,
    "updated": 0
  },
  {
    "id": "b5507fe7-7ccc-436f-9f6f-9a23765cdd94",
    "data": [
      {
        "text": "RT @xBrandi_: Only real ",
        "userDefined": false
      },
      {
        "text": "bitches",
        "alias": "BADWORD",
        "meta": "@BADWORD",
        "userDefined": true
      },
      {
        "text": " suck ",
        "userDefined": false
      },
      {
        "text": "dick",
        "alias": "BADWORD",
        "meta": "@BADWORD",
        "userDefined": true
      }
    ],
    "isTemplate": false,
    "count": 0,
    "updated": 0
  },
  {
    "id": "13c5f6cb-9eee-49d6-8769-69cfaba796fe",
    "data": [
      {
        "text": "RT @xDSmooth: I took yo job ",
        "userDefined": false
      },
      {
        "text": "bitch",
        "alias": "BADWORD",
        "meta": "@BADWORD",
        "userDefined": true
      },
      {
        "text": " @1BookieG",
        "userDefined": false
      }
    ],
    "isTemplate": false,
    "count": 0,
    "updated": 0
  },
  {
    "id": "5ca6bdc3-2554-4c65-83d4-fce63576e5fb",
    "data": [
      {
        "text": "RT @xDSmooth: This ",
        "userDefined": false
      },
      {
        "text": "niggah",
        "alias": "BADWORD",
        "meta": "@BADWORD",
        "userDefined": true
      },
      {
        "text": " said her lips dry ",
        "userDefined": false
      },
      {
        "text": "ass",
        "alias": "BADWORD",
        "meta": "@BADWORD",
        "userDefined": true
      },
      {
        "text": " ",
        "userDefined": false
      },
      {
        "text": "hell",
        "alias": "BADWORD",
        "meta": "@BADWORD",
        "userDefined": true
      },
      {
        "text": " ",
        "userDefined": false
      },
      {
        "text": "lmao",
        "alias": "BADWORD",
        "meta": "@BADWORD",
        "userDefined": true
      },
      {
        "text": " \u0026#128514;\u0026#128514;\u0026#128514;\u0026#128514;",
        "userDefined": false
      }
    ],
    "isTemplate": false,
    "count": 0,
    "updated": 0
  },
  {
    "id": "1faba3d3-0820-4234-83cd-62638a0dfb2f",
    "data": [
      {
        "text": "RT @xPoppinWheelies: \u0026#8220;@1stBlocJeremiah: All y\u0027all bitches ",
        "userDefined": false
      },
      {
        "text": "corny",
        "alias": "BADWORD",
        "meta": "@BADWORD",
        "userDefined": true
      },
      {
        "text": " ",
        "userDefined": false
      },
      {
        "text": "lol",
        "alias": "BADWORD",
        "meta": "@BADWORD",
        "userDefined": true
      },
      {
        "text": "\u0026#8221;rt",
        "userDefined": false
      }
    ],
    "isTemplate": false,
    "count": 0,
    "updated": 0
  },
  {
    "id": "95fccf23-6173-4a60-81d2-05acefa0412e",
    "data": [
      {
        "text": "RT @xTayGOTTII: \u0026#8220;@__DatTootieGurl: @TaeFrmUTW @xTayGOTTII iont Like yall always talking. Not even tryna be funny thou rns\u0026#8221;\u0026#128514;\u0026#128514;\u0026#128514;\u0026#128514; ",
        "userDefined": false
      },
      {
        "text": "bitch",
        "alias": "BADWORD",
        "meta": "@BADWORD",
        "userDefined": true
      },
      {
        "text": " I do\u0026#8230;",
        "userDefined": false
      }
    ],
    "isTemplate": false,
    "count": 0,
    "updated": 0
  },
  {
    "id": "9b13e3b4-6a6f-4048-8a0e-dca91c30987f",
    "data": [
      {
        "text": "RT @xleaaahh: \u0026#8220;@1stBlocJeremiah: I want subway cookies\u0026#8221; dem ",
        "userDefined": false
      },
      {
        "text": "bitches",
        "alias": "BADWORD",
        "meta": "@BADWORD",
        "userDefined": true
      },
      {
        "text": " do sound good rn\u0026#128514;\u0026#128551;",
        "userDefined": false
      }
    ],
    "isTemplate": false,
    "count": 0,
    "updated": 0
  },
  {
    "id": "1a0bff68-a213-4e5a-a688-0fddfe44b846",
    "data": [
      {
        "text": "RT @xsamanthaelaine: 1 good girl is worth 1,000 ",
        "userDefined": false
      },
      {
        "text": "bitches",
        "alias": "BADWORD",
        "meta": "@BADWORD",
        "userDefined": true
      },
      {
        "text": " \u0026amp; people still fail to realize that",
        "userDefined": false
      }
    ],
    "isTemplate": false,
    "count": 0,
    "updated": 0
  },
  {
    "id": "5af40c04-b0a4-4d13-8951-1415928655b9",
    "data": [
      {
        "text": "RT @yayabad1_SODMG: \"@_100d: Smoke wit a ",
        "userDefined": false
      },
      {
        "text": "bitch",
        "alias": "BADWORD",
        "meta": "@BADWORD",
        "userDefined": true
      },
      {
        "text": " in nap and let her play music I bet 100 she turn on boosie or some slow ",
        "userDefined": false
      },
      {
        "text": "shit",
        "alias": "BADWORD",
        "meta": "@BADWORD",
        "userDefined": true
      },
      {
        "text": " \u0026#128530;\" real ",
        "userDefined": false
      },
      {
        "text": "shit",
        "alias": "BADWORD",
        "meta": "@BADWORD",
        "userDefined": true
      }
    ],
    "isTemplate": false,
    "count": 0,
    "updated": 0
  },
  {
    "id": "4abe5fc1-f8bc-42f9-b113-c06d3edefe82",
    "data": [
      {
        "text": "RT @yes_paul: I ",
        "userDefined": false
      },
      {
        "text": "bitch",
        "alias": "BADWORD",
        "meta": "@BADWORD",
        "userDefined": true
      },
      {
        "text": " about unnecessary things ",
        "userDefined": false
      },
      {
        "text": "lol",
        "alias": "BADWORD",
        "meta": "@BADWORD",
        "userDefined": true
      }
    ],
    "isTemplate": false,
    "count": 0,
    "updated": 0
  },
  {
    "id": "e2d83a5a-beb8-499a-9acc-d2f1d2b5a99f",
    "data": [
      {
        "text": "RT @yglukeg: Why is Arizona hot as ",
        "userDefined": false
      },
      {
        "text": "hell",
        "alias": "BADWORD",
        "meta": "@BADWORD",
        "userDefined": true
      },
      {
        "text": " and then literally 5 minutes later it\u0027s ",
        "userDefined": false
      },
      {
        "text": "fuckin",
        "alias": "BADWORD",
        "meta": "@BADWORD",
        "userDefined": true
      },
      {
        "text": " Hurricane Katrina up in this ",
        "userDefined": false
      },
      {
        "text": "bitch",
        "alias": "BADWORD",
        "meta": "@BADWORD",
        "userDefined": true
      }
    ],
    "isTemplate": false,
    "count": 0,
    "updated": 0
  },
  {
    "id": "cfc43e22-3bcd-4c82-9751-862d9642bd4a",
    "data": [
      {
        "text": "RT and pass that ",
        "userDefined": false
      },
      {
        "text": "bitch",
        "alias": "BADWORD",
        "meta": "@BADWORD",
        "userDefined": true
      },
      {
        "text": " http://t.co/YoLSpKhiC0",
        "userDefined": false
      }
    ],
    "isTemplate": false,
    "count": 0,
    "updated": 0
  },
  {
    "id": "14b9924c-f29f-435d-ad5c-dae4014680b6",
    "data": [
      {
        "text": "Reathie phone jumping out the gym finna cut this ",
        "userDefined": false
      },
      {
        "text": "bitch",
        "alias": "BADWORD",
        "meta": "@BADWORD",
        "userDefined": true
      },
      {
        "text": " off",
        "userDefined": false
      }
    ],
    "isTemplate": false,
    "count": 0,
    "updated": 0
  },
  {
    "id": "106fcef1-88ea-4efc-a64b-b92b6b782501",
    "data": [
      {
        "text": "Rt for a Hdm *everybody* \u0026#128514;\u0026#128514;\u0026#128514;\u0026#128514; block ",
        "userDefined": false
      },
      {
        "text": "bitches",
        "alias": "BADWORD",
        "meta": "@BADWORD",
        "userDefined": true
      },
      {
        "text": " too",
        "userDefined": false
      }
    ],
    "isTemplate": false,
    "count": 0,
    "updated": 0
  },
  {
    "id": "60cec7a8-9901-4b49-9ae4-bdf8a0a22fc7",
    "data": [
      {
        "text": "Run in ya spot, smash ya ",
        "userDefined": false
      },
      {
        "text": "hoe",
        "alias": "BADWORD",
        "meta": "@BADWORD",
        "userDefined": true
      },
      {
        "text": " ",
        "userDefined": false
      },
      {
        "text": "fuck",
        "alias": "BADWORD",
        "meta": "@BADWORD",
        "userDefined": true
      },
      {
        "text": " on ya couch",
        "userDefined": false
      }
    ],
    "isTemplate": false,
    "count": 0,
    "updated": 0
  },
  {
    "id": "df9f462b-c5ea-4e74-ad42-ea66ba0b1fd8",
    "data": [
      {
        "text": "S/o that real ",
        "userDefined": false
      },
      {
        "text": "bitch",
        "alias": "BADWORD",
        "meta": "@BADWORD",
        "userDefined": true
      }
    ],
    "isTemplate": false,
    "count": 0,
    "updated": 0
  },
  {
    "id": "539a6c31-754e-4d9d-89dc-3b2f6611ea52",
    "data": [
      {
        "text": "STOP texting these ",
        "userDefined": false
      },
      {
        "text": "hoes",
        "alias": "BADWORD",
        "meta": "@BADWORD",
        "userDefined": true
      },
      {
        "text": " good morning!",
        "userDefined": false
      }
    ],
    "isTemplate": false,
    "count": 0,
    "updated": 0
  },
  {
    "id": "301df7f1-de9f-49dd-b8a6-adeda18daec0",
    "data": [
      {
        "text": "Said you a mean ",
        "userDefined": false
      },
      {
        "text": "bitch",
        "alias": "BADWORD",
        "meta": "@BADWORD",
        "userDefined": true
      }
    ],
    "isTemplate": false,
    "count": 0,
    "updated": 0
  },
  {
    "id": "6d9b4a91-8c58-471f-b802-eaec39ea129e",
    "data": [
      {
        "text": "Same ",
        "userDefined": false
      },
      {
        "text": "bitches",
        "alias": "BADWORD",
        "meta": "@BADWORD",
        "userDefined": true
      },
      {
        "text": " they be all in my face bout how they couldn\u0027t do it , be the same ",
        "userDefined": false
      },
      {
        "text": "bitches",
        "alias": "BADWORD",
        "meta": "@BADWORD",
        "userDefined": true
      },
      {
        "text": " all on his ",
        "userDefined": false
      },
      {
        "text": "dick",
        "alias": "BADWORD",
        "meta": "@BADWORD",
        "userDefined": true
      },
      {
        "text": " \u0026#128530;",
        "userDefined": false
      }
    ],
    "isTemplate": false,
    "count": 0,
    "updated": 0
  },
  {
    "id": "d6ff6098-1cca-4256-b4d9-e811a599e8c6",
    "data": [
      {
        "text": "Scrappy got the ",
        "userDefined": false
      },
      {
        "text": "hoes",
        "alias": "BADWORD",
        "meta": "@BADWORD",
        "userDefined": true
      },
      {
        "text": ";.. It\u0027s 3 of em on stage I wonder how many in the audience",
        "userDefined": false
      }
    ],
    "isTemplate": false,
    "count": 0,
    "updated": 0
  },
  {
    "id": "5334d0f3-8b9a-4090-b75e-8c9ded0c7a63",
    "data": [
      {
        "text": "See \u0026#128064; ima stop \u0026#10060;\u0026#128282; getting on this here Twitter arguing with you ",
        "userDefined": false
      },
      {
        "text": "hoes",
        "alias": "BADWORD",
        "meta": "@BADWORD",
        "userDefined": true
      },
      {
        "text": "\u0026#128078;\u0026#128078;......stupidity is a trait that I \u0026#9757;\u0026#65039;DONT NOT ",
        "userDefined": false
      },
      {
        "text": "FUCK",
        "alias": "BADWORD",
        "meta": "@BADWORD",
        "userDefined": true
      },
      {
        "text": " WITH \u0026#128680;\u0026#128679;",
        "userDefined": false
      }
    ],
    "isTemplate": false,
    "count": 0,
    "updated": 0
  },
  {
    "id": "e60e5d5f-b968-42b8-aa86-4bbfe8cc03b9",
    "data": [
      {
        "text": "She got arrested for domestic violence against him!! Ugh ",
        "userDefined": false
      },
      {
        "text": "bitch",
        "alias": "BADWORD",
        "meta": "@BADWORD",
        "userDefined": true
      },
      {
        "text": " -_-",
        "userDefined": false
      }
    ],
    "isTemplate": false,
    "count": 0,
    "updated": 0
  },
  {
    "id": "aa4befca-b110-4464-99c2-3e1914856d1c",
    "data": [
      {
        "text": "well ain\u0027t that a ",
        "userDefined": false
      },
      {
        "text": "bitch",
        "alias": "BADWORD",
        "meta": "@BADWORD",
        "userDefined": true
      }
    ],
    "isTemplate": false,
    "count": 0,
    "updated": 0
  },
  {
    "id": "4588a729-a2c1-460d-8d20-f14f8f319398",
    "data": [
      {
        "text": "when im there with a ghetto ",
        "userDefined": false
      },
      {
        "text": "ass",
        "alias": "BADWORD",
        "meta": "@BADWORD",
        "userDefined": false
      },
      {
        "text": " accent being shy as ",
        "userDefined": false
      },
      {
        "text": "hell",
        "meta": "@sys.ignore",
        "userDefined": false
      },
      {
        "text": " like",
        "userDefined": false
      }
    ],
    "isTemplate": false,
    "count": 0,
    "updated": 0
  },
  {
    "id": "0382c523-9280-4801-ad00-c56719f2c626",
    "data": [
      {
        "text": "when ya name gain weight ya ex ",
        "userDefined": false
      },
      {
        "text": "hoes",
        "alias": "BADWORD",
        "meta": "@BADWORD",
        "userDefined": true
      },
      {
        "text": " can\u0027t let go",
        "userDefined": false
      }
    ],
    "isTemplate": false,
    "count": 0,
    "updated": 0
  },
  {
    "id": "2d272cd9-0761-4d91-a33e-ab5943d943dd",
    "data": [
      {
        "text": "whheeet ",
        "userDefined": false
      },
      {
        "text": "bitch",
        "alias": "BADWORD",
        "meta": "@BADWORD",
        "userDefined": true
      },
      {
        "text": " you LYING",
        "userDefined": false
      }
    ],
    "isTemplate": false,
    "count": 0,
    "updated": 0
  },
  {
    "id": "2234eada-5fa6-4595-a40d-ab288b16645e",
    "data": [
      {
        "text": "yo ",
        "userDefined": false
      },
      {
        "text": "bitch",
        "alias": "BADWORD",
        "meta": "@BADWORD",
        "userDefined": true
      },
      {
        "text": " whippin in the early morning",
        "userDefined": false
      }
    ],
    "isTemplate": false,
    "count": 0,
    "updated": 0
  },
  {
    "id": "86ad8039-cd61-4fa4-8e3c-c41669b9e465",
    "data": [
      {
        "text": "You got to be a bad ",
        "userDefined": false
      },
      {
        "text": "bitch",
        "alias": "BADWORD",
        "meta": "@BADWORD",
        "userDefined": true
      },
      {
        "text": " for me trip",
        "userDefined": false
      }
    ],
    "isTemplate": false,
    "count": 0,
    "updated": 0
  },
  {
    "id": "83883300-d85d-4770-afc1-b0a7cc7f55a8",
    "data": [
      {
        "text": "cut that ",
        "userDefined": false
      },
      {
        "text": "bitch",
        "alias": "BADWORD",
        "meta": "@BADWORD",
        "userDefined": true
      },
      {
        "text": " off",
        "userDefined": false
      }
    ],
    "isTemplate": false,
    "count": 0,
    "updated": 0
  },
  {
    "id": "1110e6ff-eee2-412e-a3b2-6d4973f375da",
    "data": [
      {
        "text": "fuck",
        "alias": "BADWORD",
        "meta": "@BADWORD",
        "userDefined": true
      },
      {
        "text": " ah ",
        "userDefined": false
      },
      {
        "text": "bitch",
        "alias": "BADWORD",
        "meta": "@BADWORD",
        "userDefined": true
      },
      {
        "text": " all I think about Is commas!!!",
        "userDefined": false
      }
    ],
    "isTemplate": false,
    "count": 0,
    "updated": 0
  },
  {
    "id": "0da6df17-ff4a-4535-bdce-e9a87246478e",
    "data": [
      {
        "text": "\"gonna get a tattoo of a teardrop on my ",
        "userDefined": false
      },
      {
        "text": "dick",
        "alias": "BADWORD",
        "meta": "@BADWORD",
        "userDefined": true
      }
    ],
    "isTemplate": false,
    "count": 0,
    "updated": 0
  },
  {
    "id": "18ffafe7-38e6-49e8-a37a-94cf9b852cf7",
    "data": [
      {
        "text": "cause i murdered that ",
        "userDefined": false
      },
      {
        "text": "pussy",
        "alias": "BADWORD",
        "meta": "@BADWORD",
        "userDefined": true
      },
      {
        "text": "\"",
        "userDefined": false
      }
    ],
    "isTemplate": false,
    "count": 0,
    "updated": 0
  },
  {
    "id": "2565689a-7aaa-4f54-9311-47db2b637456",
    "data": [
      {
        "text": "gotta clear ya throat of all that ",
        "userDefined": false
      },
      {
        "text": "pussy",
        "alias": "BADWORD",
        "meta": "@BADWORD",
        "userDefined": true
      },
      {
        "text": " eh... RT @johnlacarbiere: My voice is the deepest in the morning",
        "userDefined": false
      }
    ],
    "isTemplate": false,
    "count": 0,
    "updated": 0
  },
  {
    "id": "897380cf-a3fe-4270-8d72-45b266261fac",
    "data": [
      {
        "text": "wtf",
        "alias": "BADWORD",
        "meta": "@BADWORD",
        "userDefined": true
      }
    ],
    "isTemplate": false,
    "count": 1,
    "updated": 0
  },
  {
    "id": "c67e57a2-a565-4674-9135-a1d60fad49f0",
    "data": [
      {
        "text": "whore",
        "alias": "BADWORD",
        "meta": "@BADWORD",
        "userDefined": true
      }
    ],
    "isTemplate": false,
    "count": 1,
    "updated": 0
  },
  {
    "id": "13c82434-f2fa-4ffb-b625-a0e2eb5bd2b5",
    "data": [
      {
        "text": "you bitch",
        "alias": "BADWORD",
        "meta": "@BADWORD",
        "userDefined": true
      }
    ],
    "isTemplate": false,
    "count": 0,
    "updated": 0
  },
  {
    "id": "e35298ae-278e-49e1-bda1-eeb25bc30940",
    "data": [
      {
        "text": "fxxk",
        "alias": "BADWORD",
        "meta": "@BADWORD",
        "userDefined": true
      }
    ],
    "isTemplate": false,
    "count": 1,
    "updated": 0
  },
  {
    "id": "796c2d8a-6ad2-4d67-8c1f-1142fc505ec2",
    "data": [
      {
        "text": "bad word",
        "alias": "BADWORD",
        "meta": "@BADWORD",
        "userDefined": true
      }
    ],
    "isTemplate": false,
    "count": 0,
    "updated": 0
  },
  {
    "id": "781dfc53-3f53-43c2-8a2a-ca3ae8016ee5",
    "data": [
      {
        "text": "bastard",
        "alias": "BADWORD",
        "meta": "@BADWORD",
        "userDefined": true
      }
    ],
    "isTemplate": false,
    "count": 0,
    "updated": 0
  },
  {
    "id": "aa88c0c8-acbc-400c-810d-baddc5a22816",
    "data": [
      {
        "text": "bastards",
        "alias": "BADWORD",
        "meta": "@BADWORD",
        "userDefined": true
      }
    ],
    "isTemplate": false,
    "count": 0,
    "updated": 0
  },
  {
    "id": "bc44eb8d-8dba-488a-85da-cc6b807d9dc0",
    "data": [
      {
        "text": "bitch",
        "alias": "BADWORD",
        "meta": "@BADWORD",
        "userDefined": true
      }
    ],
    "isTemplate": false,
    "count": 0,
    "updated": 0
  },
  {
    "id": "aa53f55a-e8ee-41e1-a02e-63dc6d02645e",
    "data": [
      {
        "text": "bitches",
        "alias": "BADWORD",
        "meta": "@BADWORD",
        "userDefined": true
      }
    ],
    "isTemplate": false,
    "count": 0,
    "updated": 0
  },
  {
    "id": "3f64a5df-37c6-48b4-93a7-ea678630b647",
    "data": [
      {
        "text": "cock",
        "alias": "BADWORD",
        "meta": "@BADWORD",
        "userDefined": true
      }
    ],
    "isTemplate": false,
    "count": 0,
    "updated": 0
  },
  {
    "id": "20891fa7-14d0-4327-a7a4-dc848bcaca6f",
    "data": [
      {
        "text": "cocksucker",
        "alias": "BADWORD",
        "meta": "@BADWORD",
        "userDefined": true
      }
    ],
    "isTemplate": false,
    "count": 0,
    "updated": 0
  },
  {
    "id": "22b64eae-52fa-4387-b0c2-0de9b2af88e9",
    "data": [
      {
        "text": "cocksuckers",
        "alias": "BADWORD",
        "meta": "@BADWORD",
        "userDefined": true
      }
    ],
    "isTemplate": false,
    "count": 0,
    "updated": 0
  },
  {
    "id": "2b5bd814-0af3-405e-85cf-d2ddc3711e98",
    "data": [
      {
        "text": "cunt",
        "alias": "BADWORD",
        "meta": "@BADWORD",
        "userDefined": true
      }
    ],
    "isTemplate": false,
    "count": 0,
    "updated": 0
  },
  {
    "id": "17f8ec4f-9696-4b64-a23b-cde234fde691",
    "data": [
      {
        "text": "motherfucker",
        "alias": "BADWORD",
        "meta": "@BADWORD",
        "userDefined": true
      }
    ],
    "isTemplate": false,
    "count": 0,
    "updated": 0
  },
  {
    "id": "15317247-539a-4025-a5bd-56d7e43549aa",
    "data": [
      {
        "text": "motherfucking",
        "alias": "BADWORD",
        "meta": "@BADWORD",
        "userDefined": true
      }
    ],
    "isTemplate": false,
    "count": 0,
    "updated": 0
  },
  {
    "id": "aec18c8d-5982-4e91-a988-42a57c57bafd",
    "data": [
      {
        "text": "niggas",
        "alias": "BADWORD",
        "meta": "@BADWORD",
        "userDefined": true
      }
    ],
    "isTemplate": false,
    "count": 0,
    "updated": 0
  },
  {
    "id": "cd762d0d-fd13-4db9-a64d-b51b7a3bf3f0",
    "data": [
      {
        "text": "nigger",
        "alias": "BADWORD",
        "meta": "@BADWORD",
        "userDefined": true
      }
    ],
    "isTemplate": false,
    "count": 0,
    "updated": 0
  },
  {
    "id": "ccd305bc-1f9a-4ec7-8015-c7c5f250c3ed",
    "data": [
      {
        "text": "prick",
        "alias": "BADWORD",
        "meta": "@BADWORD",
        "userDefined": true
      }
    ],
    "isTemplate": false,
    "count": 0,
    "updated": 0
  },
  {
    "id": "51cb7b49-62e9-437f-8121-3cc737e27e85",
    "data": [
      {
        "text": "slut",
        "alias": "BADWORD",
        "meta": "@BADWORD",
        "userDefined": true
      }
    ],
    "isTemplate": false,
    "count": 0,
    "updated": 0
  },
  {
    "id": "d998a765-4f87-43f1-871b-dc0599d2956a",
    "data": [
      {
        "text": "son of a bitch",
        "alias": "BADWORD",
        "meta": "@BADWORD",
        "userDefined": true
      }
    ],
    "isTemplate": false,
    "count": 0,
    "updated": 0
  },
  {
    "id": "e61f4efe-038f-497f-a6d5-9c173f51ac71",
    "data": [
      {
        "text": "twat",
        "alias": "BADWORD",
        "meta": "@BADWORD",
        "userDefined": true
      }
    ],
    "isTemplate": false,
    "count": 0,
    "updated": 0
  },
  {
    "id": "3e6fa945-9e1c-4c90-a8fb-e10cdcd5df95",
    "data": [
      {
        "text": "ass",
        "alias": "BADWORD",
        "meta": "@BADWORD",
        "userDefined": true
      }
    ],
    "isTemplate": false,
    "count": 0,
    "updated": 0
  },
  {
    "id": "e9300756-b95b-41c2-a2fc-84360100990d",
    "data": [
      {
        "text": "assfucking",
        "alias": "BADWORD",
        "meta": "@BADWORD",
        "userDefined": true
      }
    ],
    "isTemplate": false,
    "count": 0,
    "updated": 0
  },
  {
    "id": "ed528760-1b11-43ea-8f55-0f26eab5aa15",
    "data": [
      {
        "text": "asshole",
        "alias": "BADWORD",
        "meta": "@BADWORD",
        "userDefined": true
      }
    ],
    "isTemplate": false,
    "count": 0,
    "updated": 0
  },
  {
    "id": "8c0c36e2-6e3b-4ab4-a986-230876814bc6",
    "data": [
      {
        "text": "bullshit",
        "alias": "BADWORD",
        "meta": "@BADWORD",
        "userDefined": true
      }
    ],
    "isTemplate": false,
    "count": 0,
    "updated": 0
  },
  {
    "id": "55bb960b-d40d-4944-8a42-2892f01af5f4",
    "data": [
      {
        "text": "catastrophic",
        "alias": "BADWORD",
        "meta": "@BADWORD",
        "userDefined": true
      }
    ],
    "isTemplate": false,
    "count": 0,
    "updated": 0
  },
  {
    "id": "48862c35-4c87-410e-b174-454add87810e",
    "data": [
      {
        "text": "damn",
        "alias": "BADWORD",
        "meta": "@BADWORD",
        "userDefined": true
      }
    ],
    "isTemplate": false,
    "count": 0,
    "updated": 0
  },
  {
    "id": "6277008f-0424-4495-9e98-dbcfd5005b93",
    "data": [
      {
        "text": "damned",
        "alias": "BADWORD",
        "meta": "@BADWORD",
        "userDefined": true
      }
    ],
    "isTemplate": false,
    "count": 0,
    "updated": 0
  },
  {
    "id": "50b953d2-2402-4af2-b3b0-792e0d52a4a1",
    "data": [
      {
        "text": "damnit",
        "alias": "BADWORD",
        "meta": "@BADWORD",
        "userDefined": true
      }
    ],
    "isTemplate": false,
    "count": 0,
    "updated": 0
  },
  {
    "id": "b56220e6-3a28-42b6-93a6-3834159b0174",
    "data": [
      {
        "text": "dick",
        "alias": "BADWORD",
        "meta": "@BADWORD",
        "userDefined": true
      }
    ],
    "isTemplate": false,
    "count": 0,
    "updated": 0
  },
  {
    "id": "bfe4e153-4d52-4f5a-ab7d-9680f36596bd",
    "data": [
      {
        "text": "dickhead",
        "alias": "BADWORD",
        "meta": "@BADWORD",
        "userDefined": true
      }
    ],
    "isTemplate": false,
    "count": 0,
    "updated": 0
  },
  {
    "id": "b3493a32-c415-458f-8f78-91200f61d457",
    "data": [
      {
        "text": "fuck",
        "alias": "BADWORD",
        "meta": "@BADWORD",
        "userDefined": true
      }
    ],
    "isTemplate": false,
    "count": 0,
    "updated": 0
  },
  {
    "id": "9fefd7e3-2137-46a2-a61f-5c4951e447c9",
    "data": [
      {
        "text": "fucked",
        "alias": "BADWORD",
        "meta": "@BADWORD",
        "userDefined": true
      }
    ],
    "isTemplate": false,
    "count": 0,
    "updated": 0
  },
  {
    "id": "e7159680-e0e1-4eac-978f-83377f7ba171",
    "data": [
      {
        "text": "fucker",
        "alias": "BADWORD",
        "meta": "@BADWORD",
        "userDefined": true
      }
    ],
    "isTemplate": false,
    "count": 0,
    "updated": 0
  },
  {
    "id": "f6d2013e-c5d4-4aa0-a00e-1a80fc9e0ccd",
    "data": [
      {
        "text": "fuckers",
        "alias": "BADWORD",
        "meta": "@BADWORD",
        "userDefined": true
      }
    ],
    "isTemplate": false,
    "count": 0,
    "updated": 0
  },
  {
    "id": "1a018da6-304d-44eb-bd0b-abe0e363368e",
    "data": [
      {
        "text": "fuckface",
        "alias": "BADWORD",
        "meta": "@BADWORD",
        "userDefined": true
      }
    ],
    "isTemplate": false,
    "count": 0,
    "updated": 0
  },
  {
    "id": "2eb01b5a-0548-467f-8986-5af0823637ea",
    "data": [
      {
        "text": "fuckhead",
        "alias": "BADWORD",
        "meta": "@BADWORD",
        "userDefined": true
      }
    ],
    "isTemplate": false,
    "count": 0,
    "updated": 0
  },
  {
    "id": "0dc3bd3a-4f3a-4b77-acb4-b2c657b32942",
    "data": [
      {
        "text": "fucking",
        "alias": "BADWORD",
        "meta": "@BADWORD",
        "userDefined": true
      }
    ],
    "isTemplate": false,
    "count": 0,
    "updated": 0
  },
  {
    "id": "ce225724-5a2a-46e6-aefb-16dc6a196877",
    "data": [
      {
        "text": "fucktard",
        "alias": "BADWORD",
        "meta": "@BADWORD",
        "userDefined": true
      }
    ],
    "isTemplate": false,
    "count": 0,
    "updated": 0
  },
  {
    "id": "f12347b7-9251-443e-9de7-eb7467687fcd",
    "data": [
      {
        "text": "fuked",
        "alias": "BADWORD",
        "meta": "@BADWORD",
        "userDefined": true
      }
    ],
    "isTemplate": false,
    "count": 0,
    "updated": 0
  },
  {
    "id": "566908cf-dece-420c-8424-d22b2d23c5be",
    "data": [
      {
        "text": "fuking",
        "alias": "BADWORD",
        "meta": "@BADWORD",
        "userDefined": true
      }
    ],
    "isTemplate": false,
    "count": 0,
    "updated": 0
  },
  {
    "id": "d30f7dda-c56f-4b3f-808c-ef8a9cfa41d8",
    "data": [
      {
        "text": "jackass",
        "alias": "BADWORD",
        "meta": "@BADWORD",
        "userDefined": true
      }
    ],
    "isTemplate": false,
    "count": 0,
    "updated": 0
  },
  {
    "id": "6fb46971-c56b-4b76-9c55-430d7147dd82",
    "data": [
      {
        "text": "jackasses",
        "alias": "BADWORD",
        "meta": "@BADWORD",
        "userDefined": true
      }
    ],
    "isTemplate": false,
    "count": 0,
    "updated": 0
  },
  {
    "id": "aef0a3f8-8ca0-4a25-bf0b-ade6a6471e76",
    "data": [
      {
        "text": "anal",
        "alias": "BADWORD",
        "meta": "@BADWORD",
        "userDefined": true
      }
    ],
    "isTemplate": false,
    "count": 0,
    "updated": 0
  },
  {
    "id": "a0f132fa-7286-495b-bd83-71a74459d6fa",
    "data": [
      {
        "text": "anus",
        "alias": "BADWORD",
        "meta": "@BADWORD",
        "userDefined": true
      }
    ],
    "isTemplate": false,
    "count": 0,
    "updated": 0
  },
  {
    "id": "31f1e4f1-2847-4068-a0df-c4960006e9c2",
    "data": [
      {
        "text": "arse",
        "alias": "BADWORD",
        "meta": "@BADWORD",
        "userDefined": true
      }
    ],
    "isTemplate": false,
    "count": 0,
    "updated": 0
  },
  {
    "id": "edda30f8-a4a4-465d-8f5c-3a434a4233c2",
    "data": [
      {
        "text": "ballsack",
        "alias": "BADWORD",
        "meta": "@BADWORD",
        "userDefined": true
      }
    ],
    "isTemplate": false,
    "count": 0,
    "updated": 0
  },
  {
    "id": "19cdeffe-b606-47a9-af43-1da91ab66623",
    "data": [
      {
        "text": "balls",
        "alias": "BADWORD",
        "meta": "@BADWORD",
        "userDefined": true
      }
    ],
    "isTemplate": false,
    "count": 0,
    "updated": 0
  },
  {
    "id": "2ee5c395-0473-4757-b704-5a4d42325591",
    "data": [
      {
        "text": "biatch",
        "alias": "BADWORD",
        "meta": "@BADWORD",
        "userDefined": true
      }
    ],
    "isTemplate": false,
    "count": 0,
    "updated": 0
  },
  {
    "id": "8cea7360-201f-4d3e-92dd-7e407a6dc65d",
    "data": [
      {
        "text": "bloody",
        "alias": "BADWORD",
        "meta": "@BADWORD",
        "userDefined": true
      }
    ],
    "isTemplate": false,
    "count": 0,
    "updated": 0
  },
  {
    "id": "ff5607d0-38ec-47ab-bf11-f7995b8e0ed8",
    "data": [
      {
        "text": "blowjob",
        "alias": "BADWORD",
        "meta": "@BADWORD",
        "userDefined": true
      }
    ],
    "isTemplate": false,
    "count": 0,
    "updated": 0
  },
  {
    "id": "584c0132-c556-4b7b-b056-aff2988c3690",
    "data": [
      {
        "text": "blow job",
        "alias": "BADWORD",
        "meta": "@BADWORD",
        "userDefined": true
      }
    ],
    "isTemplate": false,
    "count": 0,
    "updated": 0
  },
  {
    "id": "c8ec5585-2452-40f4-9ecb-7e76aa02b602",
    "data": [
      {
        "text": "bollock",
        "alias": "BADWORD",
        "meta": "@BADWORD",
        "userDefined": true
      }
    ],
    "isTemplate": false,
    "count": 0,
    "updated": 0
  },
  {
    "id": "4e823044-59b1-40ab-b461-0694cd09469b",
    "data": [
      {
        "text": "bollok",
        "alias": "BADWORD",
        "meta": "@BADWORD",
        "userDefined": true
      }
    ],
    "isTemplate": false,
    "count": 0,
    "updated": 0
  },
  {
    "id": "2279d395-4a03-4f63-b8ee-5694a3aa54c1",
    "data": [
      {
        "text": "boner",
        "alias": "BADWORD",
        "meta": "@BADWORD",
        "userDefined": true
      }
    ],
    "isTemplate": false,
    "count": 0,
    "updated": 0
  },
  {
    "id": "c02a6e2c-c74c-411c-b2f9-c77643f8024d",
    "data": [
      {
        "text": "boob",
        "alias": "BADWORD",
        "meta": "@BADWORD",
        "userDefined": true
      }
    ],
    "isTemplate": false,
    "count": 0,
    "updated": 0
  },
  {
    "id": "6bf4e23c-8a9a-4267-ac01-87e1b5dbc986",
    "data": [
      {
        "text": "bugger",
        "alias": "BADWORD",
        "meta": "@BADWORD",
        "userDefined": true
      }
    ],
    "isTemplate": false,
    "count": 0,
    "updated": 0
  },
  {
    "id": "0afca141-2d08-4a9e-acf7-e50e73ed60ca",
    "data": [
      {
        "text": "bum",
        "alias": "BADWORD",
        "meta": "@BADWORD",
        "userDefined": true
      }
    ],
    "isTemplate": false,
    "count": 0,
    "updated": 0
  },
  {
    "id": "4619ba2a-795c-4856-a828-d91c41343080",
    "data": [
      {
        "text": "butt",
        "alias": "BADWORD",
        "meta": "@BADWORD",
        "userDefined": true
      }
    ],
    "isTemplate": false,
    "count": 0,
    "updated": 0
  },
  {
    "id": "c8589ae1-b2c2-4582-84df-180b4af3ff14",
    "data": [
      {
        "text": "buttplug",
        "alias": "BADWORD",
        "meta": "@BADWORD",
        "userDefined": true
      }
    ],
    "isTemplate": false,
    "count": 0,
    "updated": 0
  },
  {
    "id": "b4df5d9b-7ea5-4710-a8fc-a01e824a25c4",
    "data": [
      {
        "text": "clitoris",
        "alias": "BADWORD",
        "meta": "@BADWORD",
        "userDefined": true
      }
    ],
    "isTemplate": false,
    "count": 0,
    "updated": 0
  },
  {
    "id": "37cb71a2-22db-4649-a5b5-2fcccc2a9abe",
    "data": [
      {
        "text": "coon",
        "alias": "BADWORD",
        "meta": "@BADWORD",
        "userDefined": true
      }
    ],
    "isTemplate": false,
    "count": 0,
    "updated": 0
  },
  {
    "id": "86db79fc-1749-482c-9e9e-6a2c5500ea2f",
    "data": [
      {
        "text": "crap",
        "alias": "BADWORD",
        "meta": "@BADWORD",
        "userDefined": true
      }
    ],
    "isTemplate": false,
    "count": 0,
    "updated": 0
  },
  {
    "id": "7a8d7f45-4ebc-4b40-b0cb-745c49dd92f4",
    "data": [
      {
        "text": "dildo",
        "alias": "BADWORD",
        "meta": "@BADWORD",
        "userDefined": true
      }
    ],
    "isTemplate": false,
    "count": 0,
    "updated": 0
  },
  {
    "id": "37fc1fd2-ec90-4f70-92f7-309a9217b61e",
    "data": [
      {
        "text": "dyke",
        "alias": "BADWORD",
        "meta": "@BADWORD",
        "userDefined": true
      }
    ],
    "isTemplate": false,
    "count": 0,
    "updated": 0
  },
  {
    "id": "831fabdd-30df-426a-ad77-bbbd79b1b7b1",
    "data": [
      {
        "text": "fag",
        "alias": "BADWORD",
        "meta": "@BADWORD",
        "userDefined": true
      }
    ],
    "isTemplate": false,
    "count": 0,
    "updated": 0
  },
  {
    "id": "5245ad3d-0b00-4235-9424-51f070ee0366",
    "data": [
      {
        "text": "feck",
        "alias": "BADWORD",
        "meta": "@BADWORD",
        "userDefined": true
      }
    ],
    "isTemplate": false,
    "count": 0,
    "updated": 0
  },
  {
    "id": "6a9f6dd7-fb05-4eea-a704-1c16b9a07060",
    "data": [
      {
        "text": "fellate",
        "alias": "BADWORD",
        "meta": "@BADWORD",
        "userDefined": true
      }
    ],
    "isTemplate": false,
    "count": 0,
    "updated": 0
  },
  {
    "id": "4d95300a-26cb-48ef-a582-be4f09f6ac8b",
    "data": [
      {
        "text": "fellatio",
        "alias": "BADWORD",
        "meta": "@BADWORD",
        "userDefined": true
      }
    ],
    "isTemplate": false,
    "count": 0,
    "updated": 0
  },
  {
    "id": "8dbc1c21-f1af-48a7-a258-37ba094ab0fe",
    "data": [
      {
        "text": "felching",
        "alias": "BADWORD",
        "meta": "@BADWORD",
        "userDefined": true
      }
    ],
    "isTemplate": false,
    "count": 0,
    "updated": 0
  },
  {
    "id": "9cb93f3e-8615-4ca4-a4ea-0277cef9daa4",
    "data": [
      {
        "text": "f u c k",
        "alias": "BADWORD",
        "meta": "@BADWORD",
        "userDefined": true
      }
    ],
    "isTemplate": false,
    "count": 0,
    "updated": 0
  },
  {
    "id": "53a71d9c-23bd-419e-ac05-521b57c9fd2a",
    "data": [
      {
        "text": "fudgepacker",
        "alias": "BADWORD",
        "meta": "@BADWORD",
        "userDefined": true
      }
    ],
    "isTemplate": false,
    "count": 0,
    "updated": 0
  },
  {
    "id": "1a8cf381-e088-4212-8f7b-ea42bcf5c060",
    "data": [
      {
        "text": "fudge packer",
        "alias": "BADWORD",
        "meta": "@BADWORD",
        "userDefined": true
      }
    ],
    "isTemplate": false,
    "count": 0,
    "updated": 0
  },
  {
    "id": "2c6e376a-1879-4b6b-b10d-7d20a7a41b99",
    "data": [
      {
        "text": "flange",
        "alias": "BADWORD",
        "meta": "@BADWORD",
        "userDefined": true
      }
    ],
    "isTemplate": false,
    "count": 0,
    "updated": 0
  },
  {
    "id": "1e720a19-d6e5-4352-ab91-826d013a2a78",
    "data": [
      {
        "text": "Goddamn",
        "alias": "BADWORD",
        "meta": "@BADWORD",
        "userDefined": true
      }
    ],
    "isTemplate": false,
    "count": 0,
    "updated": 0
  },
  {
    "id": "c5fa4886-0ef1-4b4f-a77b-52adac6aeea0",
    "data": [
      {
        "text": "God damn",
        "alias": "BADWORD",
        "meta": "@BADWORD",
        "userDefined": true
      }
    ],
    "isTemplate": false,
    "count": 0,
    "updated": 0
  },
  {
    "id": "ec1a96ff-5110-430b-ae72-e2ce7ec109bf",
    "data": [
      {
        "text": "hell",
        "alias": "BADWORD",
        "meta": "@BADWORD",
        "userDefined": true
      }
    ],
    "isTemplate": false,
    "count": 0,
    "updated": 0
  },
  {
    "id": "5cbe575f-3efd-4361-829c-7ca057f4cb0f",
    "data": [
      {
        "text": "homo",
        "alias": "BADWORD",
        "meta": "@BADWORD",
        "userDefined": true
      }
    ],
    "isTemplate": false,
    "count": 0,
    "updated": 0
  },
  {
    "id": "4d3bbc9a-19b9-4299-9548-92abf623644b",
    "data": [
      {
        "text": "jerk",
        "alias": "BADWORD",
        "meta": "@BADWORD",
        "userDefined": true
      }
    ],
    "isTemplate": false,
    "count": 0,
    "updated": 0
  },
  {
    "id": "0d85a197-7736-458d-be99-32ce88d4dc8e",
    "data": [
      {
        "text": "jizz",
        "alias": "BADWORD",
        "meta": "@BADWORD",
        "userDefined": true
      }
    ],
    "isTemplate": false,
    "count": 0,
    "updated": 0
  },
  {
    "id": "28e87c26-fb85-4eb6-8aa6-fdb5132b69c1",
    "data": [
      {
        "text": "knobend",
        "alias": "BADWORD",
        "meta": "@BADWORD",
        "userDefined": true
      }
    ],
    "isTemplate": false,
    "count": 0,
    "updated": 0
  },
  {
    "id": "f943bd55-eae5-4e80-abba-aaf374513fba",
    "data": [
      {
        "text": "knob end",
        "alias": "BADWORD",
        "meta": "@BADWORD",
        "userDefined": true
      }
    ],
    "isTemplate": false,
    "count": 0,
    "updated": 0
  },
  {
    "id": "6e87b7c0-ccb8-4b6c-aacd-bf191be8b62d",
    "data": [
      {
        "text": "labia",
        "alias": "BADWORD",
        "meta": "@BADWORD",
        "userDefined": true
      }
    ],
    "isTemplate": false,
    "count": 0,
    "updated": 0
  },
  {
    "id": "477748a2-a4ae-44d1-b0df-198b305d83b7",
    "data": [
      {
        "text": "lmao",
        "alias": "BADWORD",
        "meta": "@BADWORD",
        "userDefined": true
      }
    ],
    "isTemplate": false,
    "count": 0,
    "updated": 0
  },
  {
    "id": "74b8c80b-191c-4e4e-974d-a1fbf047995d",
    "data": [
      {
        "text": "lmfao",
        "alias": "BADWORD",
        "meta": "@BADWORD",
        "userDefined": true
      }
    ],
    "isTemplate": false,
    "count": 0,
    "updated": 0
  },
  {
    "id": "78683139-bd78-49fd-b1fc-50b0c74465d2",
    "data": [
      {
        "text": "muff",
        "alias": "BADWORD",
        "meta": "@BADWORD",
        "userDefined": true
      }
    ],
    "isTemplate": false,
    "count": 0,
    "updated": 0
  },
  {
    "id": "42529e15-cd46-46ae-bc0c-20ed2496b29b",
    "data": [
      {
        "text": "nigga",
        "alias": "BADWORD",
        "meta": "@BADWORD",
        "userDefined": true
      }
    ],
    "isTemplate": false,
    "count": 0,
    "updated": 0
  },
  {
    "id": "f6c2b8ea-b861-43fe-8988-1805d5ee248c",
    "data": [
      {
        "text": "omg",
        "alias": "BADWORD",
        "meta": "@BADWORD",
        "userDefined": true
      }
    ],
    "isTemplate": false,
    "count": 0,
    "updated": 0
  },
  {
    "id": "585941c5-d7a2-4b0b-a69d-1fb7269168ca",
    "data": [
      {
        "text": "penis",
        "alias": "BADWORD",
        "meta": "@BADWORD",
        "userDefined": true
      }
    ],
    "isTemplate": false,
    "count": 0,
    "updated": 0
  },
  {
    "id": "4496ed01-2bcf-47c2-9ae5-231749f2df84",
    "data": [
      {
        "text": "piss",
        "alias": "BADWORD",
        "meta": "@BADWORD",
        "userDefined": true
      }
    ],
    "isTemplate": false,
    "count": 0,
    "updated": 0
  },
  {
    "id": "6da10a48-83c1-442d-82db-6a5754d9c93c",
    "data": [
      {
        "text": "poop",
        "alias": "BADWORD",
        "meta": "@BADWORD",
        "userDefined": true
      }
    ],
    "isTemplate": false,
    "count": 0,
    "updated": 0
  },
  {
    "id": "14da3d7e-6d1d-44af-8aa7-986cb4c50dd3",
    "data": [
      {
        "text": "pube",
        "alias": "BADWORD",
        "meta": "@BADWORD",
        "userDefined": true
      }
    ],
    "isTemplate": false,
    "count": 0,
    "updated": 0
  },
  {
    "id": "c276185b-652b-4a05-b8b6-d040d8d82008",
    "data": [
      {
        "text": "pussy",
        "alias": "BADWORD",
        "meta": "@BADWORD",
        "userDefined": true
      }
    ],
    "isTemplate": false,
    "count": 0,
    "updated": 0
  },
  {
    "id": "403c0b2f-3053-46aa-b6e2-fb000d8c833c",
    "data": [
      {
        "text": "queer",
        "alias": "BADWORD",
        "meta": "@BADWORD",
        "userDefined": true
      }
    ],
    "isTemplate": false,
    "count": 0,
    "updated": 0
  },
  {
    "id": "f2e42484-d0fe-4424-a30a-d5154a90f04c",
    "data": [
      {
        "text": "scrotum",
        "alias": "BADWORD",
        "meta": "@BADWORD",
        "userDefined": true
      }
    ],
    "isTemplate": false,
    "count": 0,
    "updated": 0
  },
  {
    "id": "bce2da3f-0219-493f-9d02-6b7bf6fc4d76",
    "data": [
      {
        "text": "shit",
        "alias": "BADWORD",
        "meta": "@BADWORD",
        "userDefined": true
      }
    ],
    "isTemplate": false,
    "count": 0,
    "updated": 0
  },
  {
    "id": "eeb7137a-98b8-4698-b27b-69ea4d496fc6",
    "data": [
      {
        "text": "s hit",
        "alias": "BADWORD",
        "meta": "@BADWORD",
        "userDefined": true
      }
    ],
    "isTemplate": false,
    "count": 0,
    "updated": 0
  },
  {
    "id": "1be3d10f-a371-413d-8861-edfc4b738799",
    "data": [
      {
        "text": "sh1t",
        "alias": "BADWORD",
        "meta": "@BADWORD",
        "userDefined": true
      }
    ],
    "isTemplate": false,
    "count": 0,
    "updated": 0
  },
  {
    "id": "eaf3b179-c4f2-40a0-8e50-3e9f54550496",
    "data": [
      {
        "text": "smegma",
        "alias": "BADWORD",
        "meta": "@BADWORD",
        "userDefined": true
      }
    ],
    "isTemplate": false,
    "count": 0,
    "updated": 0
  },
  {
    "id": "c3a267ef-cad3-4d88-9f2b-41237a100612",
    "data": [
      {
        "text": "spunk",
        "alias": "BADWORD",
        "meta": "@BADWORD",
        "userDefined": true
      }
    ],
    "isTemplate": false,
    "count": 0,
    "updated": 0
  },
  {
    "id": "c1dcc194-2bd7-494e-b5b7-8453397db77b",
    "data": [
      {
        "text": "tit",
        "alias": "BADWORD",
        "meta": "@BADWORD",
        "userDefined": true
      }
    ],
    "isTemplate": false,
    "count": 0,
    "updated": 0
  },
  {
    "id": "2528cce2-f686-4965-b1cc-20b919595355",
    "data": [
      {
        "text": "tosser",
        "alias": "BADWORD",
        "meta": "@BADWORD",
        "userDefined": true
      }
    ],
    "isTemplate": false,
    "count": 0,
    "updated": 0
  },
  {
    "id": "a874f92e-fc11-40d5-8cb2-ed999b175b80",
    "data": [
      {
        "text": "turd",
        "alias": "BADWORD",
        "meta": "@BADWORD",
        "userDefined": true
      }
    ],
    "isTemplate": false,
    "count": 0,
    "updated": 0
  },
  {
    "id": "246cf009-df2d-4b46-b3ce-3d79e58babd1",
    "data": [
      {
        "text": "vagina",
        "alias": "BADWORD",
        "meta": "@BADWORD",
        "userDefined": true
      }
    ],
    "isTemplate": false,
    "count": 0,
    "updated": 0
  },
  {
    "id": "2f5e7e89-4485-41d1-9fce-5a047d7fe790",
    "data": [
      {
        "text": "wank",
        "alias": "BADWORD",
        "meta": "@BADWORD",
        "userDefined": true
      }
    ],
    "isTemplate": false,
    "count": 0,
    "updated": 0
  }
]