[
  {
    "id": "34444861-b31d-4e65-8161-70c33bb24285",
    "data": [
      {
        "text": "you love ",
        "userDefined": false
      },
      {
        "text": "yellow",
        "alias": "color",
        "meta": "@sys.color",
        "userDefined": true
      },
      {
        "text": "?",
        "userDefined": false
      }
    ],
    "isTemplate": false,
    "count": 0,
    "updated": 0
  },
  {
    "id": "b7a898e0-914f-4854-8eff-227319cc0b9f",
    "data": [
      {
        "text": "you like ",
        "userDefined": false
      },
      {
        "text": "blue",
        "alias": "color",
        "meta": "@sys.color",
        "userDefined": true
      },
      {
        "text": "?",
        "userDefined": false
      }
    ],
    "isTemplate": false,
    "count": 0,
    "updated": 0
  },
  {
    "id": "fecc8dd3-842f-4db5-b92a-ce0b7afa3c16",
    "data": [
      {
        "text": "color you like?",
        "userDefined": false
      }
    ],
    "isTemplate": false,
    "count": 0,
    "updated": 0
  },
  {
    "id": "4f93a056-16fb-41b5-88f2-d751c7d875d8",
    "data": [
      {
        "text": " what is your favorite color?",
        "userDefined": false
      }
    ],
    "isTemplate": false,
    "count": 0,
    "updated": 0
  },
  {
    "id": "73189f2d-c5ef-4d2b-9595-dd8c068ded8d",
    "data": [
      {
        "text": "which color you like",
        "userDefined": false
      }
    ],
    "isTemplate": false,
    "count": 0,
    "updated": 0
  }
]