[
  {
    "id": "3ab657a5-8ac6-4826-9a31-89b8af5901a1",
    "data": [
      {
        "text": "How many people there?",
        "userDefined": false
      }
    ],
    "isTemplate": false,
    "count": 0,
    "updated": 0
  },
  {
    "id": "14641fe1-f1dc-4cef-be07-6cfd6dbcbb81",
    "data": [
      {
        "text": "people count?",
        "userDefined": false
      }
    ],
    "isTemplate": false,
    "count": 0,
    "updated": 0
  },
  {
    "id": "235b5ed6-52f2-46fc-9103-938fb0113105",
    "data": [
      {
        "text": "How many are online?",
        "userDefined": false
      }
    ],
    "isTemplate": false,
    "count": 0,
    "updated": 0
  },
  {
    "id": "8d67f37e-153f-4776-a6d3-b866ad4bb1f1",
    "data": [
      {
        "text": "How are online?",
        "userDefined": false
      }
    ],
    "isTemplate": false,
    "count": 0,
    "updated": 0
  },
  {
    "id": "ab160e6e-310b-4b05-9528-8de61a41707b",
    "data": [
      {
        "text": "How many people are online",
        "userDefined": false
      }
    ],
    "isTemplate": false,
    "count": 0,
    "updated": 0
  }
]