[
  {
    "id": "68b415a9-b630-4995-b4aa-90511200eb4f",
    "data": [
      {
        "text": "你好",
        "userDefined": false
      }
    ],
    "isTemplate": false,
    "count": 0,
    "updated": 0
  },
  {
    "id": "77cd1a5d-06d6-4fe7-857e-c84c10c80996",
    "data": [
      {
        "text": "喂",
        "userDefined": false
      }
    ],
    "isTemplate": false,
    "count": 0,
    "updated": 0
  },
  {
    "id": "bd09448d-3e6b-469f-996f-b6f2459bc6bb",
    "data": [
      {
        "text": "嗨",
        "userDefined": false
      }
    ],
    "isTemplate": false,
    "count": 0,
    "updated": 0
  },
  {
    "id": "a5cc590c-6565-4092-972b-05d9441b1ec9",
    "data": [
      {
        "text": "哈啰",
        "userDefined": false
      }
    ],
    "isTemplate": false,
    "count": 0,
    "updated": 0
  },
  {
    "id": "b611c857-5660-4c90-9309-5062640604d0",
    "data": [
      {
        "text": "嘿",
        "userDefined": false
      }
    ],
    "isTemplate": false,
    "count": 0,
    "updated": 0
  },
  {
    "id": "ad51362b-e8a9-4eb4-a779-77669dd4fd46",
    "data": [
      {
        "text": "嗨 你好",
        "userDefined": false
      }
    ],
    "isTemplate": false,
    "count": 0,
    "updated": 0
  },
  {
    "id": "7f0633c0-b245-4b69-bcc8-29865b6a5887",
    "data": [
      {
        "text": "嗨寶貝",
        "userDefined": false
      }
    ],
    "isTemplate": false,
    "count": 0,
    "updated": 0
  },
  {
    "id": "2b2a6fb9-50d3-4bf1-bab5-c25b39ac8bea",
    "data": [
      {
        "text": "嗨蜜糖",
        "userDefined": false
      }
    ],
    "isTemplate": false,
    "count": 0,
    "updated": 0
  },
  {
    "id": "91d4555f-eb1a-4cd8-ab68-6fa8d54f1585",
    "data": [
      {
        "text": "嗨美女",
        "userDefined": false
      }
    ],
    "isTemplate": false,
    "count": 0,
    "updated": 0
  },
  {
    "id": "2fe002ba-a2d1-47cc-845e-0ba2b898733a",
    "data": [
      {
        "text": "嗨甜心",
        "userDefined": false
      }
    ],
    "isTemplate": false,
    "count": 0,
    "updated": 0
  },
  {
    "id": "94ca66ac-32ce-4cb5-a3e9-93309c8c6932",
    "data": [
      {
        "text": "嗨飛飛",
        "userDefined": false
      }
    ],
    "isTemplate": false,
    "count": 0,
    "updated": 0
  },
  {
    "id": "c43fb49e-3917-434a-8e81-06e4d438e755",
    "data": [
      {
        "text": "嗨老婆",
        "userDefined": false
      }
    ],
    "isTemplate": false,
    "count": 0,
    "updated": 0
  },
  {
    "id": "6d55d39f-fc88-4c31-b59a-53afb1fcf595",
    "data": [
      {
        "text": "嗨愛人",
        "userDefined": false
      }
    ],
    "isTemplate": false,
    "count": 0,
    "updated": 0
  },
  {
    "id": "e504766f-2c16-40dc-882a-d953245c8da2",
    "data": [
      {
        "text": "嗨可愛的",
        "userDefined": false
      }
    ],
    "isTemplate": false,
    "count": 0,
    "updated": 0
  },
  {
    "id": "601b64fd-c81e-4384-acfa-6ab4b1ae1741",
    "data": [
      {
        "text": "嗨 親愛的",
        "userDefined": false
      }
    ],
    "isTemplate": false,
    "count": 0,
    "updated": 0
  },
  {
    "id": "167e1df1-bf59-4e8e-af16-ac8e0b6715ad",
    "data": [
      {
        "text": "嗨你好朋友",
        "userDefined": false
      }
    ],
    "isTemplate": false,
    "count": 0,
    "updated": 0
  },
  {
    "id": "fbc36bda-0f5b-4779-90aa-bfa420984eb2",
    "data": [
      {
        "text": "哈啰老婆",
        "userDefined": false
      }
    ],
    "isTemplate": false,
    "count": 0,
    "updated": 0
  },
  {
    "id": "23b4f6bb-a1a8-43e1-b2b2-7ef39d43b074",
    "data": [
      {
        "text": "哈啰飛飛",
        "userDefined": false
      }
    ],
    "isTemplate": false,
    "count": 0,
    "updated": 0
  },
  {
    "id": "f74c371c-f24e-4821-88a2-f027692352d9",
    "data": [
      {
        "text": "哈啰寶貝",
        "userDefined": false
      }
    ],
    "isTemplate": false,
    "count": 0,
    "updated": 0
  },
  {
    "id": "5d615c84-b44a-4ed0-984f-797abbc65dbd",
    "data": [
      {
        "text": "哈啰美女",
        "userDefined": false
      }
    ],
    "isTemplate": false,
    "count": 0,
    "updated": 0
  },
  {
    "id": "040b09eb-bbcd-431e-a6fa-d8844e5cd29a",
    "data": [
      {
        "text": "哈啰甜心",
        "userDefined": false
      }
    ],
    "isTemplate": false,
    "count": 0,
    "updated": 0
  },
  {
    "id": "748ba620-b752-4524-ace8-e2c8d852f786",
    "data": [
      {
        "text": "哈啰朋友",
        "userDefined": false
      }
    ],
    "isTemplate": false,
    "count": 0,
    "updated": 0
  },
  {
    "id": "173d6bcf-aa6e-4a9b-a518-d59fd5748378",
    "data": [
      {
        "text": "哈啰你好",
        "userDefined": false
      }
    ],
    "isTemplate": false,
    "count": 0,
    "updated": 0
  },
  {
    "id": "a4e76061-0a34-44e4-8247-72152ea9c175",
    "data": [
      {
        "text": "哈啰我親愛的",
        "userDefined": false
      }
    ],
    "isTemplate": false,
    "count": 0,
    "updated": 0
  },
  {
    "id": "fef19fde-6f9c-4f00-b8a4-9836b44717e4",
    "data": [
      {
        "text": "嘿 你好",
        "userDefined": false
      }
    ],
    "isTemplate": false,
    "count": 0,
    "updated": 0
  },
  {
    "id": "7fbf5118-7195-440c-a1cc-a0fa67271fb7",
    "data": [
      {
        "text": "嘿老婆",
        "userDefined": false
      }
    ],
    "isTemplate": false,
    "count": 0,
    "updated": 0
  },
  {
    "id": "cf0cfa53-e0a9-47a8-80a0-d103d5890083",
    "data": [
      {
        "text": "嘿飛飛",
        "userDefined": false
      }
    ],
    "isTemplate": false,
    "count": 0,
    "updated": 0
  },
  {
    "id": "bd4b25a4-b493-44db-8ecd-0a89f78fc6c7",
    "data": [
      {
        "text": "嘿美女",
        "userDefined": false
      }
    ],
    "isTemplate": false,
    "count": 0,
    "updated": 0
  },
  {
    "id": "f779190c-ddd3-4d4a-a2ad-27624a54750b",
    "data": [
      {
        "text": "嘿夥伴",
        "userDefined": false
      }
    ],
    "isTemplate": false,
    "count": 0,
    "updated": 0
  },
  {
    "id": "b62676f6-5f2f-418f-a79c-5f8001c58fbc",
    "data": [
      {
        "text": "嘿女孩",
        "userDefined": false
      }
    ],
    "isTemplate": false,
    "count": 0,
    "updated": 0
  },
  {
    "id": "5a662dd1-e123-4518-bc4d-bdefd7094cad",
    "data": [
      {
        "text": "嘿助手",
        "userDefined": false
      }
    ],
    "isTemplate": false,
    "count": 0,
    "updated": 0
  },
  {
    "id": "5f417670-3901-4b2d-8a21-a273bbbb74c9",
    "data": [
      {
        "text": "嘿可愛的",
        "userDefined": false
      }
    ],
    "isTemplate": false,
    "count": 0,
    "updated": 0
  },
  {
    "id": "60a966cd-0c80-469b-ab60-34131de9030b",
    "data": [
      {
        "text": "只想給你打個招呼",
        "userDefined": false
      }
    ],
    "isTemplate": false,
    "count": 0,
    "updated": 0
  },
  {
    "id": "512de422-3b61-4a13-a6f3-faa11fcd6696",
    "data": [
      {
        "text": "美好的一天對吧",
        "userDefined": false
      }
    ],
    "isTemplate": false,
    "count": 0,
    "updated": 0
  },
  {
    "id": "887e71e3-8b52-45f1-96d7-8a3c023d221d",
    "data": [
      {
        "text": "再一次問好",
        "userDefined": false
      }
    ],
    "isTemplate": false,
    "count": 0,
    "updated": 0
  },
  {
    "id": "ac8d3100-ffda-469b-bbf6-10303af0e01c",
    "data": [
      {
        "text": "好久不見",
        "userDefined": false
      }
    ],
    "isTemplate": false,
    "count": 0,
    "updated": 0
  },
  {
    "id": "32ac60af-adfc-48fe-ac64-ab336a93c684",
    "data": [
      {
        "text": "哈喽",
        "userDefined": false
      }
    ],
    "isTemplate": false,
    "count": 0,
    "updated": 0
  },
  {
    "id": "553c28c2-3aa6-4044-bcfb-8a3a6075d2f5",
    "data": [
      {
        "text": "你好啊",
        "userDefined": false
      }
    ],
    "isTemplate": false,
    "count": 0,
    "updated": 0
  },
  {
    "id": "7ca2ba77-cc2e-4278-ac60-db67a7ac2a7d",
    "data": [
      {
        "text": "嘿嘿",
        "userDefined": false
      }
    ],
    "isTemplate": false,
    "count": 0,
    "updated": 0
  }
]