[
  {
    "id": "16fb29b6-46f9-4103-96b6-86a99dec9d94",
    "data": [
      {
        "text": "/setLanguage ",
        "userDefined": false
      },
      {
        "text": "en",
        "alias": "language",
        "meta": "@sys.language",
        "userDefined": true
      }
    ],
    "isTemplate": false,
    "count": 0,
    "updated": 0
  },
  {
    "id": "0569be13-d536-463f-afab-2280c27dc954",
    "data": [
      {
        "text": "/setLanguage ",
        "userDefined": false
      },
      {
        "text": "english",
        "alias": "language",
        "meta": "@sys.language",
        "userDefined": true
      }
    ],
    "isTemplate": false,
    "count": 0,
    "updated": 0
  },
  {
    "id": "ab61bc97-7abb-4cf7-b5fb-b5496c003697",
    "data": [
      {
        "text": "/setLanguage ",
        "userDefined": false
      },
      {
        "text": "zh-HK",
        "alias": "language",
        "meta": "@sys.language",
        "userDefined": true
      }
    ],
    "isTemplate": false,
    "count": 0,
    "updated": 0
  },
  {
    "id": "b436e19c-0ae2-4d3b-a622-6860938e0478",
    "data": [
      {
        "text": "change ",
        "userDefined": false
      },
      {
        "text": "Language",
        "meta": "@sys.ignore",
        "userDefined": false
      },
      {
        "text": " ",
        "userDefined": false
      },
      {
        "text": "english",
        "alias": "language",
        "meta": "@sys.language",
        "userDefined": true
      }
    ],
    "isTemplate": false,
    "count": 0,
    "updated": 0
  },
  {
    "id": "bfec711f-9e90-4532-9a12-4e8350a1dce8",
    "data": [
      {
        "text": "/setLanguage",
        "userDefined": false
      }
    ],
    "isTemplate": false,
    "count": 0,
    "updated": 0
  },
  {
    "id": "a19b8106-4d78-489c-a8e7-299e1c42477d",
    "data": [
      {
        "text": "change ",
        "userDefined": false
      },
      {
        "text": "Language",
        "meta": "@sys.ignore",
        "userDefined": false
      }
    ],
    "isTemplate": false,
    "count": 0,
    "updated": 0
  }
]