[
  {
    "id": "3ee44cee-f1ab-4318-bfdf-b059aa12d4e5",
    "data": [
      {
        "text": "/language",
        "userDefined": false
      }
    ],
    "isTemplate": false,
    "count": 0,
    "updated": 0
  },
  {
    "id": "d6c8ebca-8356-4d9f-b80a-8d0cd43354b9",
    "data": [
      {
        "text": "change Language",
        "userDefined": false
      }
    ],
    "isTemplate": false,
    "count": 0,
    "updated": 0
  },
  {
    "id": "36122a47-b680-4152-ad54-b3077d121f53",
    "data": [
      {
        "text": "/setLanguage",
        "userDefined": false
      }
    ],
    "isTemplate": false,
    "count": 0,
    "updated": 0
  },
  {
    "id": "01be8847-47c7-4128-8bed-e87ea9b5d80a",
    "data": [
      {
        "text": "change Language ",
        "userDefined": false
      },
      {
        "text": "english",
        "alias": "language",
        "meta": "@sys.language",
        "userDefined": true
      }
    ],
    "isTemplate": false,
    "count": 0,
    "updated": 0
  },
  {
    "id": "7aa8badf-75dd-4e59-804c-50f9726a00db",
    "data": [
      {
        "text": "change Language ",
        "userDefined": false
      },
      {
        "text": "zh-HK",
        "alias": "language",
        "meta": "@sys.language",
        "userDefined": true
      }
    ],
    "isTemplate": false,
    "count": 0,
    "updated": 0
  },
  {
    "id": "61c9908f-8c46-4327-b254-08c5204f2979",
    "data": [
      {
        "text": "/setLanguage ",
        "userDefined": false
      },
      {
        "text": "zh-HK",
        "alias": "language",
        "meta": "@sys.language",
        "userDefined": true
      }
    ],
    "isTemplate": false,
    "count": 0,
    "updated": 0
  },
  {
    "id": "f869649e-a03a-4bad-a607-ba7bf58073ce",
    "data": [
      {
        "text": "/setLanguage ",
        "userDefined": false
      },
      {
        "text": "english",
        "alias": "language",
        "meta": "@sys.language",
        "userDefined": true
      }
    ],
    "isTemplate": false,
    "count": 0,
    "updated": 0
  },
  {
    "id": "f3415a10-17f6-4853-82d4-e14e84781c74",
    "data": [
      {
        "text": "/setLanguage ",
        "userDefined": false
      },
      {
        "text": "en",
        "alias": "language",
        "meta": "@sys.language",
        "userDefined": true
      }
    ],
    "isTemplate": false,
    "count": 0,
    "updated": 0
  }
]