[
  {
    "id": "964e84f0-be65-40b6-a98f-b1339b886efd",
    "data": [
      {
        "text": "cancel",
        "userDefined": false
      }
    ],
    "isTemplate": false,
    "count": 1,
    "updated": 0
  },
  {
    "id": "42ab4c94-f363-4f64-af67-e0a3ecf98509",
    "data": [
      {
        "text": "abort",
        "userDefined": false
      }
    ],
    "isTemplate": false,
    "count": 0,
    "updated": 0
  },
  {
    "id": "8bc778fd-0e0b-40c0-9684-dc8c3a85b556",
    "data": [
      {
        "text": "annul",
        "userDefined": false
      }
    ],
    "isTemplate": false,
    "count": 0,
    "updated": 0
  },
  {
    "id": "d6e43bc2-102e-40f1-8f9c-7e771bc74d71",
    "data": [
      {
        "text": "cancel ",
        "userDefined": false
      },
      {
        "text": "it",
        "meta": "@sys.ignore",
        "userDefined": true
      }
    ],
    "isTemplate": false,
    "count": 0,
    "updated": 0
  },
  {
    "id": "1aa0940e-8410-40c9-9d36-c42e00d16d87",
    "data": [
      {
        "text": "cancel request",
        "userDefined": false
      }
    ],
    "isTemplate": false,
    "count": 0,
    "updated": 0
  },
  {
    "id": "9bb7bc07-7d76-42de-a515-fdb359a7254a",
    "data": [
      {
        "text": "cancelled",
        "userDefined": false
      }
    ],
    "isTemplate": false,
    "count": 0,
    "updated": 0
  },
  {
    "id": "5ef7d8da-3760-42dd-9a53-22a5c3b2198b",
    "data": [
      {
        "text": "dismiss",
        "userDefined": false
      }
    ],
    "isTemplate": false,
    "count": 0,
    "updated": 0
  },
  {
    "id": "89e550b4-ab45-4a29-bc12-260ab0b7d4f9",
    "data": [
      {
        "text": "dismissed",
        "userDefined": false
      }
    ],
    "isTemplate": false,
    "count": 0,
    "updated": 0
  },
  {
    "id": "93f260e7-41ac-4de9-8337-bb52de43c4ee",
    "data": [
      {
        "text": "disregard",
        "userDefined": false
      }
    ],
    "isTemplate": false,
    "count": 0,
    "updated": 0
  },
  {
    "id": "b8914785-e7d6-4853-8ab1-02b759e684c2",
    "data": [
      {
        "text": "disregard that",
        "userDefined": false
      }
    ],
    "isTemplate": false,
    "count": 0,
    "updated": 0
  },
  {
    "id": "a5b54de7-3f55-41b7-a49a-654bc7b671e4",
    "data": [
      {
        "text": "skip",
        "userDefined": false
      }
    ],
    "isTemplate": false,
    "count": 1,
    "updated": 0
  },
  {
    "id": "ec6692d7-a3d6-4e0c-96fd-b485bd0b620f",
    "data": [
      {
        "text": "skip ",
        "userDefined": false
      },
      {
        "text": "it",
        "meta": "@sys.ignore",
        "userDefined": false
      }
    ],
    "isTemplate": false,
    "count": 0,
    "updated": 0
  },
  {
    "id": "472484f2-52ca-4e12-83f4-21b56cc260a6",
    "data": [
      {
        "text": "cancel everything",
        "userDefined": false
      }
    ],
    "isTemplate": false,
    "count": 0,
    "updated": 0
  },
  {
    "id": "960c74f8-4be4-4e23-a824-ce280e3161c6",
    "data": [
      {
        "text": "cancel ",
        "userDefined": false
      },
      {
        "text": "all",
        "meta": "@sys.ignore",
        "userDefined": false
      }
    ],
    "isTemplate": false,
    "count": 0,
    "updated": 0
  },
  {
    "id": "c40c51b0-aa4b-4a6a-a18d-daddd1ddbccc",
    "data": [
      {
        "text": "forget about ",
        "userDefined": false
      },
      {
        "text": "it",
        "meta": "@sys.ignore",
        "userDefined": false
      }
    ],
    "isTemplate": false,
    "count": 0,
    "updated": 0
  },
  {
    "id": "a058f7c0-4dc9-403e-a93d-aa6e9d4dfde2",
    "data": [
      {
        "text": "forget",
        "userDefined": false
      }
    ],
    "isTemplate": false,
    "count": 0,
    "updated": 0
  },
  {
    "id": "fd02d640-c220-4c59-a24a-ede6bf7b5ede",
    "data": [
      {
        "text": "don\u0027t",
        "meta": "@sys.ignore",
        "userDefined": false
      },
      {
        "text": " do that",
        "userDefined": false
      }
    ],
    "isTemplate": false,
    "count": 0,
    "updated": 0
  },
  {
    "id": "9038f6a8-a5a2-44c5-908e-0ed926479227",
    "data": [
      {
        "text": "stop",
        "userDefined": false
      }
    ],
    "isTemplate": false,
    "count": 0,
    "updated": 0
  },
  {
    "id": "9869fa78-507c-4769-8189-415cbe980b68",
    "data": [
      {
        "text": "just forget ",
        "userDefined": false
      },
      {
        "text": "it",
        "meta": "@sys.ignore",
        "userDefined": false
      }
    ],
    "isTemplate": false,
    "count": 0,
    "updated": 0
  },
  {
    "id": "6f0506e1-017d-4cef-ad3c-8000183ef351",
    "data": [
      {
        "text": "forget that",
        "userDefined": false
      }
    ],
    "isTemplate": false,
    "count": 0,
    "updated": 0
  },
  {
    "id": "08dd9026-6ecc-40c0-a8db-6bd818e4143e",
    "data": [
      {
        "text": "discard",
        "userDefined": false
      }
    ],
    "isTemplate": false,
    "count": 0,
    "updated": 0
  },
  {
    "id": "1a4f136d-69b3-4179-b700-27fa24984ea1",
    "data": [
      {
        "text": "forget this",
        "userDefined": false
      }
    ],
    "isTemplate": false,
    "count": 0,
    "updated": 0
  },
  {
    "id": "743f34d1-79e6-4ebb-861f-1bd6c2f3df5a",
    "data": [
      {
        "text": "just forget about ",
        "userDefined": false
      },
      {
        "text": "it",
        "meta": "@sys.ignore",
        "userDefined": false
      }
    ],
    "isTemplate": false,
    "count": 0,
    "updated": 0
  },
  {
    "id": "5965c6cc-058b-4156-b5b6-f5150f394ac9",
    "data": [
      {
        "text": "forget about that",
        "userDefined": false
      }
    ],
    "isTemplate": false,
    "count": 0,
    "updated": 0
  },
  {
    "id": "5bcc091e-d0bc-4b15-a066-d50083908161",
    "data": [
      {
        "text": "i said cancel",
        "userDefined": false
      }
    ],
    "isTemplate": false,
    "count": 0,
    "updated": 0
  },
  {
    "id": "0c72e755-355d-4296-b2c5-3f5b18e7c058",
    "data": [
      {
        "text": "just cancel ",
        "userDefined": false
      },
      {
        "text": "it",
        "meta": "@sys.ignore",
        "userDefined": false
      }
    ],
    "isTemplate": false,
    "count": 0,
    "updated": 0
  },
  {
    "id": "306dc734-afce-493e-b2c7-1cbad51cfe42",
    "data": [
      {
        "text": "nothing cancel",
        "userDefined": false
      }
    ],
    "isTemplate": false,
    "count": 0,
    "updated": 0
  },
  {
    "id": "cfe2bcb3-da55-42bc-a283-6c971b1e9c03",
    "data": [
      {
        "text": "just stop ",
        "userDefined": false
      },
      {
        "text": "it",
        "meta": "@sys.ignore",
        "userDefined": false
      }
    ],
    "isTemplate": false,
    "count": 0,
    "updated": 0
  },
  {
    "id": "d402048c-4047-40f5-af16-36ea82a836fb",
    "data": [
      {
        "text": "no cancel cancel",
        "userDefined": false
      }
    ],
    "isTemplate": false,
    "count": 0,
    "updated": 0
  },
  {
    "id": "1798bd93-487d-4642-8248-27fdf21caac5",
    "data": [
      {
        "text": "no just cancel",
        "userDefined": false
      }
    ],
    "isTemplate": false,
    "count": 0,
    "updated": 0
  },
  {
    "id": "16f988a7-14b6-4dba-938a-5da4fe262169",
    "data": [
      {
        "text": "cancel my request",
        "userDefined": false
      }
    ],
    "isTemplate": false,
    "count": 0,
    "updated": 0
  },
  {
    "id": "8669fec7-6158-440d-94b8-0ffec5caac49",
    "data": [
      {
        "text": "can you cancel that",
        "userDefined": false
      }
    ],
    "isTemplate": false,
    "count": 0,
    "updated": 0
  },
  {
    "id": "f610016c-caa9-4eca-95a3-8cc317324942",
    "data": [
      {
        "text": "cancel ",
        "userDefined": false
      },
      {
        "text": "all",
        "meta": "@sys.ignore",
        "userDefined": false
      },
      {
        "text": " that",
        "userDefined": false
      }
    ],
    "isTemplate": false,
    "count": 0,
    "updated": 0
  },
  {
    "id": "6fa8bbff-1d95-4a48-b366-d2ae58815fb5",
    "data": [
      {
        "text": "cancel this request",
        "userDefined": false
      }
    ],
    "isTemplate": false,
    "count": 0,
    "updated": 0
  },
  {
    "id": "67078387-94df-4da0-842c-d73f75a674d3",
    "data": [
      {
        "text": "no cancel this",
        "userDefined": false
      }
    ],
    "isTemplate": false,
    "count": 0,
    "updated": 0
  },
  {
    "id": "921681c0-af6f-42eb-8063-c692d87be3f0",
    "data": [
      {
        "text": "no cancel everything",
        "userDefined": false
      }
    ],
    "isTemplate": false,
    "count": 0,
    "updated": 0
  },
  {
    "id": "8e26c7ab-f41e-4984-bf7e-b8b3729df5ca",
    "data": [
      {
        "text": "no stop",
        "userDefined": false
      }
    ],
    "isTemplate": false,
    "count": 0,
    "updated": 0
  },
  {
    "id": "e1c383da-425f-4bd8-9954-fa2605d60810",
    "data": [
      {
        "text": "just forget",
        "userDefined": false
      }
    ],
    "isTemplate": false,
    "count": 0,
    "updated": 0
  },
  {
    "id": "9b014c46-2f82-4752-a36b-82e458051232",
    "data": [
      {
        "text": "i want to cancel",
        "userDefined": false
      }
    ],
    "isTemplate": false,
    "count": 0,
    "updated": 0
  },
  {
    "id": "c196886f-cbf2-4f80-ab85-5f382cba4852",
    "data": [
      {
        "text": "nevermind",
        "meta": "@sys.ignore",
        "userDefined": false
      },
      {
        "text": " forget about ",
        "userDefined": false
      },
      {
        "text": "it",
        "meta": "@sys.ignore",
        "userDefined": false
      }
    ],
    "isTemplate": false,
    "count": 0,
    "updated": 0
  },
  {
    "id": "5ff20dc9-10c1-4568-99ea-743dccbee7fa",
    "data": [
      {
        "text": "no just cancel ",
        "userDefined": false
      },
      {
        "text": "it",
        "meta": "@sys.ignore",
        "userDefined": false
      }
    ],
    "isTemplate": false,
    "count": 0,
    "updated": 0
  },
  {
    "id": "e922d6c4-88f7-4f62-a73a-764e447bc61a",
    "data": [
      {
        "text": "nothing just forget ",
        "userDefined": false
      },
      {
        "text": "it",
        "meta": "@sys.ignore",
        "userDefined": false
      }
    ],
    "isTemplate": false,
    "count": 0,
    "updated": 0
  },
  {
    "id": "ef6d747d-7834-48a1-9c9a-5e3cf9e23ffc",
    "data": [
      {
        "text": "i said cancel ",
        "userDefined": false
      },
      {
        "text": "it",
        "meta": "@sys.ignore",
        "userDefined": false
      }
    ],
    "isTemplate": false,
    "count": 0,
    "updated": 0
  },
  {
    "id": "8f958dbf-2e3e-416e-a27d-bfbfdcb372a4",
    "data": [
      {
        "text": "cancel the whole thing",
        "userDefined": false
      }
    ],
    "isTemplate": false,
    "count": 0,
    "updated": 0
  },
  {
    "id": "e8f746fd-6102-45d9-80d1-52591eb8491e",
    "data": [
      {
        "text": "can you cancel ",
        "userDefined": false
      },
      {
        "text": "it",
        "meta": "@sys.ignore",
        "userDefined": false
      }
    ],
    "isTemplate": false,
    "count": 0,
    "updated": 0
  },
  {
    "id": "8ec48679-0b48-49ed-a74d-657da1dc99fd",
    "data": [
      {
        "text": "so cancel",
        "userDefined": false
      }
    ],
    "isTemplate": false,
    "count": 0,
    "updated": 0
  },
  {
    "id": "4933f512-54c7-4987-8507-ab7bdb71c711",
    "data": [
      {
        "text": "i said forget ",
        "userDefined": false
      },
      {
        "text": "it",
        "meta": "@sys.ignore",
        "userDefined": false
      }
    ],
    "isTemplate": false,
    "count": 0,
    "updated": 0
  },
  {
    "id": "bbc4e7a7-5d15-4615-aeca-d0c9e7292f1e",
    "data": [
      {
        "text": "cancel ",
        "userDefined": false
      },
      {
        "text": "all",
        "meta": "@sys.ignore",
        "userDefined": false
      },
      {
        "text": " this",
        "userDefined": false
      }
    ],
    "isTemplate": false,
    "count": 0,
    "updated": 0
  },
  {
    "id": "8c35620b-3b82-4745-ae1c-98f2789ee222",
    "data": [
      {
        "text": "forget ",
        "userDefined": false
      },
      {
        "text": "it",
        "meta": "@sys.ignore",
        "userDefined": false
      },
      {
        "text": " ",
        "userDefined": false
      },
      {
        "text": "nevermind",
        "meta": "@sys.ignore",
        "userDefined": false
      }
    ],
    "isTemplate": false,
    "count": 0,
    "updated": 0
  },
  {
    "id": "b4a275d7-8f35-42ab-ab27-a280c8679694",
    "data": [
      {
        "text": "stop ",
        "userDefined": false
      },
      {
        "text": "it",
        "meta": "@sys.ignore",
        "userDefined": false
      }
    ],
    "isTemplate": false,
    "count": 0,
    "updated": 0
  },
  {
    "id": "d43f800c-d72b-4459-babb-f5b839af78db",
    "data": [
      {
        "text": "i want to cancel ",
        "userDefined": false
      },
      {
        "text": "it",
        "meta": "@sys.ignore",
        "userDefined": false
      }
    ],
    "isTemplate": false,
    "count": 0,
    "updated": 0
  },
  {
    "id": "1babe5d2-ded8-4bd8-8233-780338cd5808",
    "data": [
      {
        "text": "i would like to cancel",
        "userDefined": false
      }
    ],
    "isTemplate": false,
    "count": 0,
    "updated": 0
  },
  {
    "id": "eadefb0b-0129-4ee1-aedd-e3c8db6b9934",
    "data": [
      {
        "text": "now cancel",
        "userDefined": false
      }
    ],
    "isTemplate": false,
    "count": 0,
    "updated": 0
  },
  {
    "id": "31fcfef3-da81-4248-9ecb-d8a9c4a7c12a",
    "data": [
      {
        "text": "cancel now",
        "userDefined": false
      }
    ],
    "isTemplate": false,
    "count": 0,
    "updated": 0
  },
  {
    "id": "c5e37ff3-45fc-46cb-abe4-dd052eb98876",
    "data": [
      {
        "text": "sorry cancel",
        "userDefined": false
      }
    ],
    "isTemplate": false,
    "count": 0,
    "updated": 0
  },
  {
    "id": "236ad00b-e073-4db8-a1bf-82cdd37111b0",
    "data": [
      {
        "text": "cancel that ",
        "userDefined": false
      },
      {
        "text": "one",
        "meta": "@sys.ignore",
        "userDefined": false
      }
    ],
    "isTemplate": false,
    "count": 0,
    "updated": 0
  },
  {
    "id": "47fc751d-9dae-4a6a-b108-367083ac10cf",
    "data": [
      {
        "text": "skip skip skip",
        "userDefined": false
      }
    ],
    "isTemplate": false,
    "count": 0,
    "updated": 0
  },
  {
    "id": "860ba3db-be70-43dd-8e7a-c66a2dd6ea27",
    "data": [
      {
        "text": "cancel ",
        "userDefined": false
      },
      {
        "text": "it",
        "meta": "@sys.ignore",
        "userDefined": false
      },
      {
        "text": " cancel ",
        "userDefined": false
      },
      {
        "text": "it",
        "meta": "@sys.ignore",
        "userDefined": false
      }
    ],
    "isTemplate": false,
    "count": 0,
    "updated": 0
  },
  {
    "id": "4ec7c29d-3380-41f4-9ad7-11b83ad84f6c",
    "data": [
      {
        "text": "cancel that cancel that",
        "userDefined": false
      }
    ],
    "isTemplate": false,
    "count": 0,
    "updated": 0
  },
  {
    "id": "bf145871-7275-41b4-bd5f-920cc617d5fd",
    "data": [
      {
        "text": "do",
        "meta": "@sys.ignore",
        "userDefined": false
      },
      {
        "text": " nothing",
        "userDefined": false
      }
    ],
    "isTemplate": false,
    "count": 0,
    "updated": 0
  },
  {
    "id": "6bdb7eaf-797d-4249-93c0-33114de1ef18",
    "data": [
      {
        "text": "cancel it",
        "userDefined": false
      }
    ],
    "isTemplate": false,
    "count": 0,
    "updated": 0
  },
  {
    "id": "e6156ddb-864e-4620-bc54-ec9d42ff4aa3",
    "data": [
      {
        "text": "I said cancel cancel",
        "userDefined": false
      }
    ],
    "isTemplate": false,
    "count": 0,
    "updated": 0
  },
  {
    "id": "513f7f2f-8e0e-42a1-9422-b55412459ba1",
    "data": [
      {
        "text": "but can you cancel it",
        "userDefined": false
      }
    ],
    "isTemplate": false,
    "count": 0,
    "updated": 0
  }
]